ID,経穴名,読み,所属経絡,部位,取穴法（指標）,解剖,備考（属性タグ・別説含む）
GV1,長強,ちょうきょう,督脈,会陰部、尾骨下方、尾骨端と肛門の中間。,膝胸位で取る。,【筋】外肛門括約筋【神】陰部神経、尾骨神経【血】下直腸動脈,[絡穴] 督脈の絡穴
GV2,腰兪,ようゆ,督脈,仙骨部、後正中線上、仙骨裂孔。,左右の仙骨角の間に取る。,【筋】仙尾靱帯【神】尾骨神経,[指標] 仙骨裂孔
GV3,腰陽関,こしようかん,督脈,腰部、後正中線上、第4腰椎棘突起下方の陥凹部。,左右の腸骨稜最高点を結ぶ線（ヤコビー線）の上。,【筋】棘上・棘間靱帯【皮】腰神経後枝,[指標] 第4腰椎下(ヤコビー線)
GV4,命門,めいもん,督脈,腰部、後正中線上、第2腰椎棘突起下方の陥凹部。,第2・3腰椎棘突起間に取る。,【筋】棘上・棘間靱帯【皮】腰神経後枝,第2腰椎下
GV5,懸枢,けんすう,督脈,腰部、後正中線上、第1腰椎棘突起下方の陥凹部。,第1・2腰椎棘突起間に取る。,【筋】棘上・棘間靱帯【皮】腰神経後枝,第1腰椎下
GV6,脊中,せきちゅう,督脈,背部、後正中線上、第11胸椎棘突起下方の陥凹部。,第11・12胸椎棘突起間に取る。,【筋】棘上・棘間靱帯【皮】胸神経後枝,第11胸椎下
GV7,中枢,ちゅうすう,督脈,背部、後正中線上、第10胸椎棘突起下方の陥凹部。,第10・11胸椎棘突起間に取る。,【筋】棘上・棘間靱帯【皮】胸神経後枝,第10胸椎下
GV8,筋縮,きんしゅく,督脈,背部、後正中線上、第9胸椎棘突起下方の陥凹部。,第9・10胸椎棘突起間に取る。,【筋】棘上・棘間靱帯【皮】胸神経後枝,第9胸椎下
GV9,至陽,しよう,督脈,背部、後正中線上、第7胸椎棘突起下方の陥凹部。,左右の肩甲骨下角を結ぶ線上(Th7)。,【筋】棘上・棘間靱帯【皮】胸神経後枝,[指標] 肩甲骨下角(Th7)
GV10,霊台,れいだい,督脈,背部、後正中線上、第6胸椎棘突起下方の陥凹部。,第6・7胸椎棘突起間に取る。,【筋】棘上・棘間靱帯【皮】胸神経後枝,第6胸椎下
GV11,神道,しんどう,督脈,背部、後正中線上、第5胸椎棘突起下方の陥凹部。,第5・6胸椎棘突起間に取る。,【筋】棘上・棘間靱帯【皮】胸神経後枝,第5胸椎下
GV12,身柱,しんちゅう,督脈,背部、後正中線上、第3胸椎棘突起下方の陥凹部。,左右の肩甲棘内端を結ぶ線上(Th3)。,【筋】棘上・棘間靱帯【皮】胸神経後枝,[指標] 肩甲棘内端(Th3)
GV13,陶道,とうどう,督脈,背部、後正中線上、第1胸椎棘突起下方の陥凹部。,第1・2胸椎棘突起間に取る。,【筋】棘上・棘間靱帯【皮】胸神経後枝,第1胸椎下
GV14,大椎,だいつい,督脈,後頸部、後正中線上、第7頚椎棘突起下方の陥凹部。,頸部を前屈させ最も突出する部位。,【筋】棘上・棘間靱帯【神】頸神経後枝,[指標] 第7頚椎下
GV15,瘂門,あもん,督脈,後頸部、後正中線上、第2頚椎棘突起上方の陥凹部。,項窩の中央、後髪際の上方5分。,【筋】項靱帯、頭半棘筋【神】大後頭神経,第2頚椎上
GV16,風府,ふうふ,督脈,後頸部、後正中線上、外後頭隆起直下。,左右の僧帽筋間の陥凹部。,【筋】項靱帯【神】大後頭神経,[指標] 外後頭隆起直下
GV17,脳戸,のうこ,督脈,頭部、外後頭隆起上方の陥凹部。,胆経の脳空(GB19)と同じ高さ。,【筋】後頭筋【神】大後頭神経,脳空と同じ高さ
GV18,強間,きょうかん,督脈,頭部、後正中線上、後髪際の上方4寸。,脳戸の上方1寸5分。,【筋】帽状腱膜【神】大後頭神経,
GV19,後頂,ごちょう,督脈,頭部、後正中線上、後髪際の上方5寸5分。,百会の後方1寸5分。,【筋】帽状腱膜【神】大後頭神経,
GV20,百会,ひゃくえ,督脈,頭部、前正中線上、前髪際の後方5寸。,左右の耳尖を結ぶ線の中点。,【筋】帽状腱膜【神】大後頭神経,[指標] 両耳尖の中点
GV21,前頂,ぜんちょう,督脈,頭部、前正中線上、前髪際の後方3寸5分。,百会の前方1寸5分。,【神】眼神経(三叉1),
GV22,顖会,しんえ,督脈,頭部、前正中線上、前髪際の後方2寸。,神庭の後方1寸5分。,【神】眼神経(三叉1),小児では大泉門部
GV23,上星,じょうせい,督脈,頭部、前正中線上、前髪際の後方1寸。,顖会と神庭の中間。,【神】眼神経(三叉1),
GV24,神庭,しんてい,督脈,頭部、前正中線上、前髪際の後方5分。,眉間の中点の上方3寸5分。,【神】眼神経(三叉1),[指標] 前髪際の後方5分
GV25,素髎,そりょう,督脈,顔面部、鼻の尖端。,鼻尖の中央。,【神】眼神経(三叉1),[指標] 鼻尖
GV26,水溝,すいこう,督脈,顔面部、人中溝の中点。,鼻の下方5分。,【筋】口輪筋【神】上顎神経(三叉2),[別説] 人中溝の上1/3
GV27,兌端,だたん,督脈,顔面部、上唇の正中、赤唇縁。,皮膚と粘膜の境。,【筋】口輪筋【神】上顎神経(三叉2),
GV28,齦交,ぎんこう,督脈,顔面部、上唇小帯の付着部。,上唇小帯と歯肉の接合部。,【神】上顎神経(三叉2),[指標] 上唇小帯
CV1,会陰,えいん,任脈,会陰部、男性：陰嚢根部と肛門の中間、女性：後陰唇交連と肛門の中間。,側臥位あるいは膝胸位で取る。,【筋】外肛門括約筋【神】陰部神経,
CV2,曲骨,きょっこつ,任脈,下腹部、前正中線上、恥骨結合上縁。,恥骨結合上縁の中点。,【神】腸骨下腹神経、腸骨鼠径神経,[指標] 恥骨結合上縁
CV3,中極,ちゅうきょく,任脈,下腹部、前正中線上、臍中央の下方4寸。,曲骨の上方1寸。,【神】腸骨下腹神経,[募穴] 膀胱の募穴
CV4,関元,かんげん,任脈,下腹部、前正中線上、臍中央の下方3寸。,臍と曲骨の間を5等分し、曲骨から2/5。,【神】肋間神経、腸骨下腹神経,[募穴] 小腸の募穴
CV5,石門,せきもん,任脈,下腹部、前正中線上、臍中央の下方2寸。,臍と曲骨の間を5等分し、曲骨から3/5。,【神】肋間神経,[募穴] 三焦の募穴
CV6,気海,きかい,任脈,下腹部、前正中線上、臍中央の下方1寸5分。,臍中央の下方1寸5分。,【神】肋間神経,
CV7,陰交,いんこう,任脈,下腹部、前正中線上、臍中央の下方1寸。,臍中央の下方1寸。,【神】肋間神経,
CV8,神闕,しんけつ,任脈,上腹部、臍の中央。,臍の中央。,【神】肋間神経,[指標] 臍中央
CV9,水分,すいぶん,任脈,上腹部、前正中線上、臍中央の上方1寸。,臍中央の上方1寸。,【神】肋間神経,
CV10,下脘,げかん,任脈,上腹部、前正中線上、臍中央の上方2寸。,中庭と臍を結ぶ線を4等分し、臍から1/4。,【神】肋間神経,
CV11,建里,けんり,任脈,上腹部、前正中線上、臍中央の上方3寸。,臍中央の上方3寸。,【神】肋間神経,
CV12,中脘,ちゅうかん,任脈,上腹部、前正中線上、臍中央の上方4寸。,中庭と臍を結ぶ線の中点。,【神】肋間神経,[募穴] 胃の募穴 / [八会穴] 腑会
CV13,上脘,じょうかん,任脈,上腹部、前正中線上、臍中央の上方5寸。,臍中央の上方5寸。,【神】肋間神経,
CV14,巨闕,こけつ,任脈,上腹部、前正中線上、臍中央の上方6寸。,中庭と臍を結ぶ線を4等分し、中庭から1/4。,【神】肋間神経,[募穴] 心の募穴
CV15,鳩尾,きゅうび,任脈,上腹部、前正中線上、胸骨体下端の下方1寸。,中庭の下方1寸。,【神】肋間神経,[絡穴] 任脈の絡穴
CV16,中庭,ちゅうてい,任脈,前胸部、前正中線上、胸骨体下端の中点。,前正中線と胸骨体下端の交点。,【神】肋間神経,
CV17,膻中,だんちゅう,任脈,前胸部、前正中線上、第4肋間と同じ高さ。,胸骨前面の正中線上。,【神】肋間神経,[募穴] 心包の募穴 / [八会穴] 気会
CV18,玉堂,ぎょくどう,任脈,前胸部、前正中線上、第3肋間と同じ高さ。,胸骨前面の正中線上。,【神】肋間神経,
CV19,紫宮,しきゅう,任脈,前胸部、前正中線上、第2肋間と同じ高さ。,胸骨前面の正中線上（胸骨角の下）。,【神】肋間神経,
CV20,華蓋,かがい,任脈,前胸部、前正中線上、第1肋間と同じ高さ。,胸骨前面の正中線上。,【神】鎖骨上神経、肋間神経,
CV21,璇璣,せんき,任脈,前胸部、前正中線上、胸骨上窩の下方1寸。,天突の下方1寸。,【神】鎖骨上神経、肋間神経,
CV22,天突,てんとつ,任脈,前頸部、前正中線上、胸骨上窩の中央。,左右の鎖骨内端の間。,【筋】胸骨舌骨筋【神】神経ワナ,
CV23,廉泉,れんせん,任脈,前頸部、前正中線上、舌骨上方、喉頭隆起上方。,舌骨の上方陥凹部。,【神】頸横神経,
CV24,承漿,しょうしょう,任脈,顔面部、オトガイ唇溝中央の陥凹部。,顔面の正中線上。,【神】顔面神経、下顎神経(三叉3),
LU1,中府,ちゅうふ,手の太陰肺経,"前胸部、第1肋間と同高、鎖骨下窩外側、前正中線外方6寸","雲門の下1寸、華蓋から第1肋間に沿い外方6寸、鎖骨下窩で大胸筋の張りよりやや上方","筋：大胸筋・小胸筋／筋枝：内側胸筋神経・外側胸筋神経／皮枝：鎖骨上神経／血管：胸肩峰動脈・外側胸動脈","肺の募穴"
LU2,雲門,うんもん,手の太陰肺経,"前胸部、鎖骨下窩陥凹部、烏口突起内方、前正中線外方6寸","上肢を前挙し、鎖骨中央やや外下方の陥凹部","皮枝：鎖骨上神経／血管：胸肩峰動脈・外側胸動脈","※腋窩動脈が深部を通る"
LU3,天府,てんぷ,手の太陰肺経,"上腕前外側、上腕二頭筋外側縁、腋窩横紋前端下3寸","腋窩横紋前端と尺沢を結ぶ線を3等分し、上1/3","筋：上腕二頭筋・上腕筋／筋枝：筋皮神経／皮枝：上外側上腕皮神経／血管：上腕動脈の枝","※腋窩横紋前端から尺沢まで9寸"
LU4,侠白,きょうはく,手の太陰肺経,"上腕前外側、上腕二頭筋外側縁、腋窩横紋前端下4寸","天府の下1寸、上腕二頭筋外側縁","筋：上腕二頭筋・上腕筋／筋枝：筋皮神経／皮枝：上外側上腕皮神経／血管：上腕動脈の枝",
LU5,尺沢,しゃくたく,手の太陰肺経,"肘前部、肘窩横紋上、上腕二頭筋腱外側陥凹","肘を軽く曲げ、上腕二頭筋腱外側の陥凹部","筋：上腕二頭筋（腱）・上腕筋／筋枝：筋皮神経／皮枝：外側前腕皮神経／血管：橈側反回動脈","合水穴／※尺沢から太淵までの長さを1尺2寸"
LU6,孔最,こうさい,手の太陰肺経,"前腕前外側、尺沢と太淵を結ぶ線上、手関節掌側横紋上7寸","尺沢と太淵の中点の上1寸","筋：腕橈骨筋・円回内筋／筋枝：橈骨神経・正中神経／皮枝：外側前腕皮神経／血管：橈骨動脈","郄穴"
LU7,列欠,れっけつ,手の太陰肺経,"前腕橈側、長母指外転筋腱と短母指伸筋腱の間、手関節掌側横紋上1寸5分","太淵の上1寸5分、母指を外転・伸展し腱間の溝","筋：腕橈骨筋（腱）・長母指外転筋（腱）・短母指伸筋（腱）／筋枝：橈骨神経／皮枝：外側前腕皮神経／血管：橈骨動脈","絡穴・四総穴・八脈交会穴"
LU8,経渠,けいきょ,手の太陰肺経,"前腕前外側、橈骨下端外側突出部と橈骨動脈の間、手関節掌側横紋上1寸","太淵の上1寸、橈骨下端外側と橈骨動脈の間","筋：腕橈骨筋（腱）・長母指外転筋（腱）／筋枝：橈骨神経／皮枝：外側前腕皮神経／血管：橈骨動脈","経金穴"
LU9,太淵,たいえん,手の太陰肺経,"手関節前外側、橈骨茎状突起と舟状骨間、長母指外転筋腱尺側陥凹","手関節掌側横紋上、橈骨動脈拍動部","皮枝：外側前腕皮神経／血管：橈骨動脈","原穴・兪土穴・八会穴（脈会）／※大陵・神門と並ぶ"
LU10,魚際,ぎょさい,手の太陰肺経,"手掌、第1中手骨中点橈側、赤白肉際","第1中手骨中点外側、表裏の境","筋：短母指外転筋・母指対立筋／筋枝：正中神経／皮枝：橈骨神経浅枝／血管：母指主動脈の枝","榮火穴"
LU11,少商,しょうしょう,手の太陰肺経,"母指末節骨橈側、爪甲角近位外方1分","母指爪根部近位縁線と外側縁線の交点","皮枝：橈骨神経浅枝／血管：母指橈側動脈・母指主動脈の枝","井木穴"
LI1,商陽,しょうよう,手の陽明大腸経,"示指末節骨橈側、爪甲角近位外方1分","示指爪根部近位縁線と外側縁線の交点","皮枝：正中神経／血管：背側指動脈","井金穴"
LI2,二間,じかん,手の陽明大腸経,"示指第2中手指節関節橈側遠位陥凹、赤白肉際","第2MCP関節外側下部の陥凹","筋：第1背側骨間筋／筋枝：尺骨神経／皮枝：橈骨神経浅枝／血管：背側指動脈","榮水穴"
LI3,三間,さんかん,手の陽明大腸経,"手背、第2中手指節関節橈側近位陥凹","第2中手骨外側縁で指が止まる部位","筋：第1背側骨間筋／筋枝：尺骨神経／皮枝：橈骨神経浅枝／血管：背側指動脈","兪木穴"
LI4,合谷,ごうこく,手の陽明大腸経,"手背、第2中手骨中点橈側","第2中手骨中点外側","筋：第1背側骨間筋／筋枝：尺骨神経／皮枝：橈骨神経浅枝／血管：第1背側中手動脈","原穴・四総穴"
LI5,陽谿,ようけい,手の陽明大腸経,"手関節後外側、橈骨茎状突起遠位、橈骨小窩（タバコ窩）","母指を外転伸展してできる橈骨小窩の陥凹","筋：長母指伸筋（腱）・短母指伸筋（腱）／筋枝：橈骨神経／皮枝：橈骨神経浅枝／血管：橈骨動脈","経火穴／※陽谿から曲池まで1尺2寸／※陽谿・陽池・陽谷は並ぶ"
LI6,偏歴,へんれき,手の陽明大腸経,"前腕後外側、陽谿と曲池を結ぶ線上、手関節背側横紋上3寸","陽谿と曲池の線を4等分し、陽谿から1/4","筋：長母指外転筋／筋枝：橈骨神経／皮枝：外側前腕皮神経／血管：橈骨動脈","絡穴"
LI7,温溜,おんる,手の陽明大腸経,"前腕後外側、陽谿と曲池を結ぶ線上、手関節背側横紋上5寸","陽谿―曲池線の中点下1寸","筋：長橈側手根伸筋・短橈側手根伸筋／筋枝：橈骨神経／皮枝：外側前腕皮神経／血管：橈骨動脈","郄穴"
LI8,下廉,げれん,手の陽明大腸経,"前腕後外側、陽谿と曲池を結ぶ線上、肘窩横紋下4寸","曲池から1/3下方","筋：長橈側手根伸筋・短橈側手根伸筋／筋枝：橈骨神経／皮枝：外側前腕皮神経／血管：橈骨動脈",
LI9,上廉,じょうれん,手の陽明大腸経,"前腕後外側、陽谿と曲池を結ぶ線上、肘窩横紋下3寸","曲池から1/4下方","筋：長橈側手根伸筋・短橈側手根伸筋／筋枝：橈骨神経／皮枝：外側前腕皮神経／血管：橈骨動脈",
LI10,手三里,てさんり,手の陽明大腸経,"前腕後外側、肘窩横紋下2寸","曲池下方2寸","筋：長橈側手根伸筋・短橈側手根伸筋／筋枝：橈骨神経／皮枝：外側前腕皮神経／血管：橈骨動脈",
LI11,曲池,きょくち,手の陽明大腸経,"肘外側、尺沢と上腕骨外側上顆を結ぶ線の中点","肘を深く屈曲し、肘窩横紋外端陥凹","筋：長橈側手根伸筋・短橈側手根伸筋／筋枝：橈骨神経／皮枝：外側前腕皮神経／血管：橈側側副動脈","合土穴"
LI12,肘髎,ちゅうりょう,手の陽明大腸経,"肘後外側、上腕骨外側上顆上縁","曲池後上方、外側顆上稜前縁","筋：長橈側手根伸筋／筋枝：橈骨神経／皮枝：下外側上腕皮神経・後前腕皮神経／血管：橈側側副動脈",
LI13,手五里,てごり,手の陽明大腸経,"上腕外側、曲池と肩髃を結ぶ線上、肘窩横紋上3寸","曲池上3寸、上腕三頭筋外側","筋：上腕三頭筋・上腕筋／筋枝：橈骨神経・筋皮神経／皮枝：下外側上腕皮神経・後前腕皮神経／血管：上腕深動脈","※深部に橈骨神経幹"
LI14,臂臑,ひじゅ,手の陽明大腸経,"上腕外側、三角筋前縁、曲池上7寸","曲池上7寸、三角筋前縁","筋：三角筋・上腕二頭筋／筋枝：腋窩神経・筋皮神経／皮枝：上外側上腕皮神経／血管：上腕深動脈（三角筋枝）",
LI15,肩髃,けんぐう,手の陽明大腸経,"肩部、肩峰外縁前端と上腕骨大結節間陥凹","肩関節90°外転時の前方陥凹","筋：三角筋／筋枝：腋窩神経／皮枝：鎖骨上神経／血管：胸肩峰動脈（三角筋枝）",
LI16,巨骨,こっこつ,手の陽明大腸経,"肩部、鎖骨肩峰端と肩甲棘間陥凹","肩鎖関節後内側の陥凹","筋：僧帽筋・棘上筋／筋枝：副神経・肩甲上神経／皮枝：鎖骨上神経／血管：肩甲上動脈",
LI17,天鼎,てんてい,手の陽明大腸経,"前頸部、輪状軟骨高、胸鎖乳突筋後縁","扶突の下方、胸鎖乳突筋後縁","筋：広頸筋・胸鎖乳突筋・前斜角筋・中斜角筋／筋枝：顔面神経・副神経・頸神経前枝／皮枝：鎖骨上神経／血管：上行頸動脈・鎖骨下動脈枝","※水突（胃経）と同高"
LI18,扶突,ふとつ,手の陽明大腸経,"前頸部、甲状軟骨上縁高、胸鎖乳突筋内","下顎角直下、胸鎖乳突筋中","筋：広頸筋・胸鎖乳突筋・前斜角筋／筋枝：顔面神経・副神経・頸神経前枝／皮枝：鎖骨上神経／血管：胸鎖乳突筋枝","※人迎・扶突・天窓が並ぶ／※内頸静脈深部注意"
LI19,禾髎,かりょう,手の陽明大腸経,"顔面、人中溝中点と同高、鼻孔外縁下方","鼻孔外縁下方、水溝外方5分","筋：口輪筋／筋枝：顔面神経／皮枝：上顎神経／血管：上唇動脈","別説：人中溝上1/3高位"
LI20,迎香,げいこう,手の陽明大腸経,"顔面、鼻唇溝中、鼻翼外縁中点高","鼻翼外側縁中点の鼻唇溝","筋：上唇鼻翼挙筋・上唇挙筋・小頬骨筋／筋枝：顔面神経／皮枝：上顎神経／血管：眼角動脈","別説：鼻翼下縁高位"
ST1,承泣,しょうきゅう,足の陽明胃経,顔面部、眼球と眼窩下縁の間、瞳孔線上。,まっすぐ前を見た時の瞳孔の下。,【筋】眼輪筋【神】顔面神経、上顎神経(三叉2),
ST2,四白,しはく,足の陽明胃経,顔面部、眼窩下孔。,瞳孔の下方、眼窩下孔部に取る。,【神】眼窩下神経(三叉2),
ST3,巨髎,こりょう,足の陽明胃経,顔面部、瞳孔線上、鼻翼下縁と同じ高さ。,鼻唇溝の外方に取る。,【神】上顎神経(三叉2),
ST4,地倉,ちそう,足の陽明胃経,顔面部、口角の外方4分。,瞳孔線上、口角の外側に取る。,【筋】口輪筋【神】顔面神経、上顎神経(三叉2),
ST5,大迎,だいげい,足の陽明胃経,顔面部、下顎角の前方、咬筋付着部の前方陥凹部、顔面動脈拍動部。,下顎骨の下縁をたどり、拍動を感じる所。,【筋】広頚筋【神】顔面神経、下顎神経(三叉3),
ST6,頬車,きょうしゃ,足の陽明胃経,顔面部、下顎角の前上方1横指。,歯をくいしばった時に咬筋が盛り上がるところ。,【筋】咬筋【神】顔面神経、下顎神経(三叉3),
ST7,下関,げかん,足の陽明胃経,顔面部、頬骨弓の下縁中点と下顎切痕の間の陥凹部。,口を閉じれば陥凹し、開ければ盛り上がるところ。,【神】下顎神経(三叉3),
ST8,頭維,ずい,足の陽明胃経,頭部、額角髪際の後方5分、前正中線の外方4寸5分。,神庭(GV24)の外方4寸5分。,【筋】側頭筋【神】下顎神経(三叉3),
ST9,人迎,じんげい,足の陽明胃経,頸部、甲状軟骨上縁と同じ高さ、胸鎖乳突筋の前縁、総頸動脈拍動部。,喉頭隆起の外方1寸5分。,【筋】胸鎖乳突筋【神】頸横神経、迷走神経,
ST10,水突,すいとつ,足の陽明胃経,頸部、環状軟骨と同じ高さ、胸鎖乳突筋の前縁。,人迎と気舎の中間に取る。,【筋】胸鎖乳突筋【神】神経ワナ,
ST11,気舎,きしゃ,足の陽明胃経,頸部、鎖骨上窩、鎖骨内端の上方、胸鎖乳突筋の胸骨頭と鎖骨頭の間の陥凹部。,天突(CV22)の外方1寸5分。,【筋】胸鎖乳突筋【神】神経ワナ,
ST12,欠盆,けつぼん,足の陽明胃経,鎖骨上窩、前正中線の外方4寸、鎖骨上縁の陥凹部。,乳頭線上、鎖骨の上方の窪み。,【筋】広頚筋【神】鎖骨上神経、横隔神経,
ST13,気戸,きこ,足の陽明胃経,前胸部、鎖骨下縁、前正中線の外方4寸。,乳頭線上、鎖骨下縁に取る。,【筋】大胸筋【神】鎖骨上神経、前胸神経,
ST14,庫房,こぼう,足の陽明胃経,前胸部、第1肋間、前正中線の外方4寸。,乳頭線上、第1肋間に取る。,【筋】大胸筋【神】前胸神経、肋間神経,
ST15,屋翳,おくえい,足の陽明胃経,前胸部、第2肋間、前正中線の外方4寸。,乳頭線上、第2肋間に取る。,【筋】大胸筋【神】前胸神経、肋間神経,
ST16,膺窓,ようそう,足の陽明胃経,前胸部、第3肋間、前正中線の外方4寸。,乳頭線上、第3肋間に取る。,【筋】大胸筋【神】肋間神経,
ST17,乳中,にゅうちゅう,足の陽明胃経,前胸部、乳頭の中央。,乳頭の中央（取穴は避ける）。,,第4肋間に相当
ST18,乳根,にゅうこん,足の陽明胃経,前胸部、第5肋間、前正中線の外方4寸。,乳頭下方、第5肋間に取る。,【筋】大胸筋【神】肋間神経,
ST19,不容,ふよう,足の陽明胃経,上腹部、臍中央の上方6寸、前正中線の外方2寸。,巨闕(CV14)の外方2寸。,【筋】腹直筋【神】肋間神経,
ST20,承満,しょうまん,足の陽明胃経,上腹部、臍中央の上方5寸、前正中線の外方2寸。,上脘(CV13)の外方2寸。,【筋】腹直筋【神】肋間神経,
ST21,梁門,りょうもん,足の陽明胃経,上腹部、臍中央の上方4寸、前正中線の外方2寸。,中脘(CV12)の外方2寸。,【筋】腹直筋【神】肋間神経,
ST22,関門,かんもん,足の陽明胃経,上腹部、臍中央の上方3寸、前正中線の外方2寸。,建里(CV11)の外方2寸。,【筋】腹直筋【神】肋間神経,
ST23,太乙,たいいつ,足の陽明胃経,上腹部、臍中央の上方2寸、前正中線の外方2寸。,下脘(CV10)の外方2寸。,【筋】腹直筋【神】肋間神経,
ST24,滑肉門,かつにくもん,足の陽明胃経,上腹部、臍中央の上方1寸、前正中線の外方2寸。,水分(CV9)の外方2寸。,【筋】腹直筋【神】肋間神経,
ST25,天枢,てんすう,足の陽明胃経,上腹部、臍中央の外方2寸。,臍の両脇2寸に取る。,【筋】腹直筋【神】肋間神経,[募穴] 大腸の募穴
ST26,外陵,がいりょう,足の陽明胃経,下腹部、臍中央の下方1寸、前正中線の外方2寸。,陰交(CV7)の外方2寸。,【筋】腹直筋【神】肋間神経,
ST27,大巨,だいこ,足の陽明胃経,下腹部、臍中央の下方2寸、前正中線の外方2寸。,石門(CV5)の外方2寸。,【筋】腹直筋【神】肋間神経,
ST28,水道,すいどう,足の陽明胃経,下腹部、臍中央の下方3寸、前正中線の外方2寸。,関元(CV4)の外方2寸。,【筋】腹直筋【神】肋間神経,
ST29,帰来,きらい,足の陽明胃経,下腹部、臍中央の下方4寸、前正中線の外方2寸。,中極(CV3)の外方2寸。,【筋】腹直筋【神】腸骨下腹神経,
ST30,気衝,きしょう,足の陽明胃経,下腹部、恥骨結合上縁と同じ高さ、前正中線の外方2寸、大腿動脈拍動部。,曲骨(CV2)の外方2寸。,【筋】腹直筋【神】腸骨鼠径神経,
ST31,髀関,ひかん,足の陽明胃経,大腿前面、上前腸骨棘と膝蓋骨上外角を結ぶ線上、縫工筋と大腿筋膜張筋の間の陥凹部。,股関節の前、隆起した筋の間に取る。,【筋】縫工筋、大腿筋膜張筋【神】外側大腿皮神経,
ST32,伏兎,ふくと,足の陽明胃経,大腿前外側、上前腸骨棘と膝蓋骨上外角を結ぶ線上、膝蓋骨上縁の上方6寸。,髀関と膝蓋骨を結ぶ線上。,【筋】大腿直筋【神】大腿神経,
ST33,陰市,いんし,足の陽明胃経,大腿前外側、大腿直筋腱の外側で膝蓋骨上縁の上方3寸。,梁丘の上方1寸。,【筋】大腿直筋【神】大腿神経,
ST34,梁丘,りょうきゅう,足の陽明胃経,大腿前外側、外側広筋と大腿直筋腱外縁の間、膝蓋骨上縁の上方2寸。,膝の皿の外側上方2寸。,【筋】外側広筋【神】大腿神経,[郄穴] 胃経の郄穴
ST35,犢鼻,とくび,足の陽明胃経,膝前面、膝蓋靱帯外方の陥凹部。,膝を曲げた時にできる外側の窪み。,【筋】膝蓋靱帯【神】伏在神経,[別名] 外膝眼
ST36,足三里,あしさんり,足の陽明胃経,下腿前面、犢鼻と解渓を結ぶ線上、犢鼻の下方3寸。,膝の下3寸、前脛骨筋上に取る。,【筋】前脛骨筋【神】深腓骨神経,[合土穴] / 四総穴(腹部)
ST37,上巨虚,じょうこきょ,足の陽明胃経,下腿前面、犢鼻と解渓を結ぶ線上、犢鼻の下方6寸。,足三里の下方3寸。,【筋】前脛骨筋【神】深腓骨神経,[下合穴] 大腸の下合穴
ST38,条口,じょうこう,足の陽明胃経,下腿前面、犢鼻と解渓を結ぶ線上、犢鼻の下方8寸。,下巨虚の上方1寸。,【筋】前脛骨筋【神】深腓骨神経,
ST39,下巨虚,げこきょ,足の陽明胃経,下腿前面、犢鼻と解渓を結ぶ線上、犢鼻の下方9寸。,条口の下方1寸。,【筋】前脛骨筋【神】深腓骨神経,[下合穴] 小腸の下合穴
ST40,豊隆,ほうりゅう,足の陽明胃経,下腿前外側、前脛骨筋の外縁、外果尖の上方8寸。,条口の外方1寸。,【筋】長指伸筋【神】浅腓骨神経,[絡穴] 胃経の絡穴
ST41,解渓,かいけい,足の陽明胃経,足関節前面、足関節横紋の中央、長母指伸筋腱と長指伸筋腱の間の陥凹部。,足首の前、2つの大きな腱の間。,【筋】長母指・長指伸筋腱【神】浅・深腓骨神経,[経火穴] 胃経の経火穴
ST42,衝陽,しょうよう,足の陽明胃経,足背、第2中足骨底部と中間楔状骨の間、足背動脈拍動部。,解渓の下方1寸5分、足の最高所に取る。,【神】深腓骨神経【血】足背動脈,[原穴] 胃経の原穴
ST43,陥谷,かんこく,足の陽明胃経,足背、第2・第3中足骨間、第2中手指節関節の近位陥凹部。,足の第2・3指の間をなで上げ、止まる所。,【神】浅腓骨神経,[輸木穴] 胃経の輸木穴
ST44,内庭,ないてい,足の陽明胃経,足背、第2・第3指間、指間分画の近位、赤白肉際。,第2・3指の付け根の間に取る。,【神】浅腓骨神経,[滎水穴] 胃経の滎水穴
ST45,厲兌,れいだ,足の陽明胃経,足の第2指、末節骨外側、爪甲角の近位外側1分。,第2指爪甲外側縁の垂線と爪甲根を通る水平線の交点。,【神】固有背側指神経,[井金穴] 胃経の井金穴
SP1,隠白,いんぱく,足の太陰脾経,"足第1指、末節骨内側、爪甲角近位内方1分","第1趾爪根部の近位縁線と内側縁線の交点","皮枝：浅腓骨神経／血管：背側指動脈","井木穴"
SP2,大都,だいと,足の太陰脾経,"足第1指、第1中足指節関節内側遠位陥凹、赤白肉際","第1MTP関節内側前部の陥凹","皮枝：浅腓骨神経／血管：背側指動脈","榮火穴"
SP3,太白,たいはく,足の太陰脾経,"足内側、第1中足指節関節内側近位陥凹、赤白肉際","第1中足骨内側縁で指が止まる所","母趾外転筋（腱）／筋枝：内側足底神経／皮枝：浅腓骨神経／血管：内側足底動脈浅枝","原穴・兪土穴"
SP4,公孫,こうそん,足の太陰脾経,"足内側、第1中足骨底内側遠位陥凹、赤白肉際","太白から内側縁を後方に撫でて止まる所","母趾外転筋（腱）・短母趾屈筋（内側頭）／筋枝：内側足底神経／皮枝：伏在神経／血管：内側足根動脈","絡穴・八脈交会穴"
SP5,商丘,しょうきゅう,足の太陰脾経,"足内側、内果前下方、舟状骨粗面と内果尖の間","内果前縁垂線と下縁水平線の交点","皮枝：伏在神経／血管：前内果動脈","経金穴"
SP6,三陰交,さんいんこう,足の太陰脾経,"下腿内側、脛骨内縁後際、内果尖上3寸","内果尖上3寸、脛骨内縁と後脛骨筋間","後脛骨筋・長趾屈筋／筋枝：脛骨神経／皮枝：伏在神経／血管：後脛骨動脈","※内果尖―膝蓋骨尖1尺5寸"
SP7,漏谷,ろうこく,足の太陰脾経,"下腿内側、脛骨内縁後際、内果尖上6寸","内果尖と陰陵泉を結ぶ線の中点高","後脛骨筋・長趾屈筋／筋枝：脛骨神経／皮枝：伏在神経／血管：後脛骨動脈",
SP8,地機,ちき,足の太陰脾経,"下腿内側、脛骨内縁後際、陰陵泉下3寸","内果尖―膝蓋骨尖線の上1/3","ヒラメ筋・長趾屈筋／筋枝：脛骨神経／皮枝：伏在神経／血管：後脛骨動脈","郄穴"
SP9,陰陵泉,いんりょうせん,足の太陰脾経,"下腿内側、脛骨内側顆下縁と内縁の接点","脛骨内側縁を撫上し指が止まる所","腓腹筋・半腱様筋腱／筋枝：脛骨神経／皮枝：伏在神経／血管：内側下膝動脈・下行膝動脈","合水穴"
SP10,血海,けっかい,足の太陰脾経,"大腿前内側、膝蓋骨底内端上2寸","膝蓋骨底内側端上2寸、内側広筋隆起","内側広筋／筋枝：大腿神経／皮枝：大腿神経前皮枝／血管：下行膝動脈",
SP11,箕門,きもん,足の太陰脾経,"大腿内側、膝蓋骨底内端―衝門線上1/3","両点を3等分し衝門側1/3","縫工筋・長内転筋／筋枝：大腿神経・閉鎖神経／皮枝：大腿神経前皮枝／血管：大腿動脈",
SP12,衝門,しょうもん,足の太陰脾経,"鼠径部、鼠径溝、大腿動脈拍動部外方","曲骨外方、府舎内下方","腸腰筋／筋枝：腰神経叢・大腿神経／皮枝：腸骨下腹神経・腸骨鼠径神経・陰部大腿神経／血管：大腿動脈",
SP13,府舎,ふしゃ,足の太陰脾経,"下腹部、臍下4寸3分、前正中線外方4寸","中極外方4寸のやや下","外腹斜筋・内腹斜筋／筋枝：肋間神経・腸骨下腹神経・腸骨鼠径神経／皮枝：腸骨下腹神経／血管：浅腹壁動脈・下腹壁動脈","※脾経腹部は外方4寸"
SP14,腹結,ふっけつ,足の太陰脾経,"下腹部、臍下1寸3分、前正中線外方4寸","陰交外方4寸のやや下","外腹斜筋・内腹斜筋／筋枝：肋間神経・腸骨下腹神経・腸骨鼠径神経／皮枝：肋間神経前皮枝・外側皮枝／血管：浅腹壁動脈・下腹壁動脈",
SP15,大横,だいおう,足の太陰脾経,"上腹部、臍外方4寸","神闕外方4寸","外腹斜筋・内腹斜筋／筋枝：肋間神経・腸骨下腹神経・腸骨鼠径神経／皮枝：肋間神経前皮枝・外側皮枝／血管：浅腹壁動脈・下腹壁動脈・上腹壁動脈","※天枢（胃）・肓兪（腎）と同高"
SP16,腹哀,ふくあい,足の太陰脾経,"上腹部、臍上3寸、前正中線外方4寸","建里外方4寸","外腹斜筋・内腹斜筋／筋枝：肋間神経・腸骨下腹神経・腸骨鼠径神経／皮枝：肋間神経前皮枝・外側皮枝／血管：上腹壁動脈",
SP17,食竇,しょくとく,足の太陰脾経,"前胸部、第5肋間、前正中線外方6寸","第5肋間、外方6寸","大胸筋／筋枝：胸筋神経／皮枝：肋間神経外側皮枝／血管：胸肩峰動脈・外側胸動脈・肋間動脈","※SP17–20は外方6寸"
SP18,天溪,てんけい,足の太陰脾経,"前胸部、第4肋間、前正中線外方6寸","膻中から第4肋間外方6寸","大胸筋／筋枝：胸筋神経／皮枝：肋間神経外側皮枝／血管：胸肩峰動脈・外側胸動脈・肋間動脈",
SP19,胸郷,きょうきょう,足の太陰脾経,"前胸部、第3肋間、前正中線外方6寸","玉堂から第3肋間外方6寸","大胸筋・小胸筋／筋枝：胸筋神経／皮枝：肋間神経外側皮枝／血管：胸肩峰動脈・外側胸動脈・肋間動脈",
SP20,周栄,しゅうえい,足の太陰脾経,"前胸部、第2肋間、前正中線外方6寸","紫宮から第2肋間外方6寸","大胸筋・小胸筋／筋枝：胸筋神経／皮枝：肋間神経外側皮枝／血管：胸肩峰動脈・外側胸動脈・肋間動脈","※中府（肺経）の下方"
SP21,大包,だいほう,足の太陰脾経,"側胸部、第6肋間、中腋窩線上","側臥位で肩外転し第6肋間","前鋸筋・肋間筋／筋枝：長胸神経・肋間神経／皮枝：肋間神経外側皮枝／血管：胸背動脈・肋間動脈","大絡の絡穴"
HT1,極泉,きょくせん,手の少陰心経,"腋窩、腋窩中央、腋窩動脈拍動部","腋窩の中央で、腋窩動脈拍動部に取る","皮枝：肋間神経（外側皮枝）・内側上腕皮神経／血管：腋窩動脈","※極泉から少海までの長さを9寸とする。"
HT2,青霊,せいれい,手の少陰心経,"上腕内側面、上腕二頭筋内側縁、肘窩横紋上3寸","極泉と少海を結ぶ線を三等分し、少海から1/3の位置。肩関節を外転・外旋すると取りやすい","筋：上腕二頭筋・上腕筋／筋枝：筋皮神経／皮枝：内側上腕皮神経／血管：上腕動脈",
HT3,少海,しょうかい,手の少陰心経,"肘前内側、上腕骨内側上顆前縁、肘窩横紋と同高","肘関節を屈曲し、上腕骨内側上顆と肘窩横紋内側端との中点","筋：円回内筋・橈側手根屈筋・長掌筋・尺側手根屈筋／筋枝：正中神経・尺骨神経／皮枝：内側前腕皮神経／血管：尺側反回動脈・下尺側側副動脈","合水穴／※少海から神門までの長さを1尺2寸とする。"
HT4,霊道,れいどう,手の少陰心経,"前腕前内側、尺側手根屈筋腱橈側縁、手関節掌側横紋上1寸5分","神門の上1寸5分、尺骨頭上縁の高さで尺側手根屈筋腱外側","筋：尺側手根屈筋（腱）・深指屈筋・浅指屈筋／筋枝：尺骨神経・正中神経／皮枝：内側前腕皮神経・尺骨神経（掌皮枝）／血管：尺骨動脈",経金穴
HT5,通里,つうり,手の少陰心経,"前腕前内側、尺側手根屈筋腱橈側縁、手関節掌側横紋上1寸","神門の上1寸、尺側手根屈筋腱外側","筋：尺側手根屈筋（腱）・深指屈筋・浅指屈筋／筋枝：尺骨神経・正中神経／皮枝：内側前腕皮神経・尺骨神経（掌皮枝）／血管：尺骨動脈",絡穴
HT6,陰郄,いんげき,手の少陰心経,"前腕前内側、尺側手根屈筋腱橈側縁、手関節掌側横紋上5分","神門の上5分、尺骨頭下縁の高さで尺側手根屈筋腱外側","筋：尺側手根屈筋（腱）・深指屈筋・浅指屈筋／筋枝：尺骨神経・正中神経／皮枝：内側前腕皮神経・尺骨神経（掌皮枝）／血管：尺骨動脈",郄穴
HT7,神門,しんもん,手の少陰心経,"手関節前内側、尺側手根屈筋腱橈側縁、手関節掌側横紋上","豆状骨上縁橈側、手関節掌側横紋上で尺側手根屈筋腱外側","筋：尺側手根屈筋（腱）・深指屈筋・浅指屈筋／筋枝：尺骨神経・正中神経／皮枝：内側前腕皮神経・尺骨神経（掌皮枝）／血管：尺骨動脈","原穴・兪土穴"
HT8,少府,しょうふ,手の少陰心経,"手掌、第5中手指節関節近位端高位、第4・第5中手骨間","第4・第5中手骨間で拳を握ったとき小指頭が当たる部位","筋：虫様筋（第4）・掌側骨間筋（第3）／筋枝：尺骨神経／皮枝：尺骨神経（総掌側指神経）／血管：総掌側指動脈",栄火穴
HT9,少衝,しょうしょう,手の少陰心経,"小指末節骨橈側、爪甲角近位外方1分","爪甲基底部水平線と爪甲橈側縁垂線の交点","皮枝：尺骨神経（背側指神経）／血管：背側指動脈",井木穴
SI1,少沢,しょうたく,手の太陽小腸経,"小指末節骨尺側、爪甲角近位内方1分","小指爪根部近位縁線と内側縁線の交点","皮枝：尺骨神経（背側指神経）／血管：背側指動脈","井金穴"
SI2,前谷,ぜんこく,手の太陽小腸経,"小指第5中手指節関節尺側遠位陥凹部、赤白肉際","小指MCP関節内側下部の陥凹、または掌側横紋尺側端","皮枝：尺骨神経（背側指神経）／血管：背側指動脈","榮水穴"
SI3,後渓,こうけい,手の太陽小腸経,"手背、第5中手指節関節尺側近位陥凹部、赤白肉際","こぶしを軽く握り、小指中手骨内側縁で指が止まる所","筋：小指外転筋／筋枝：尺骨神経／皮枝：尺骨神経（背側指神経）／血管：背側指動脈","兪木穴・八脈交会穴"
SI4,腕骨,わんこつ,手の太陽小腸経,"手関節後内側、第5中手骨底部と三角骨間の陥凹部、赤白肉際","小指中手骨内側を撫で上げ、底を越えた陥凹","筋：小指外転筋／筋枝：尺骨神経／皮枝：尺骨神経（背側指神経）／血管：背側指動脈","原穴"
SI5,陽谷,ようこく,手の太陽小腸経,"手関節後内側、三角骨と尺骨茎状突起間の陥凹","尺側手根伸筋腱内側の陥凹","筋：尺側手根伸筋（腱）／筋枝：橈骨神経／皮枝：尺骨神経（手背枝）／血管：尺骨動脈（背側手根枝）","経火穴／※陽谷から小海までの長さを1尺2寸／※陽渓・陽池・陽谷は並ぶ"
SI6,養老,ようろう,手の太陽小腸経,"前腕後内側、尺骨頭橈側陥凹、手関節背側横紋上1寸","前腕回内位から回外し、指が滑り込む骨間陥凹","皮枝：内側前腕皮神経／血管：尺骨動脈（背側手根枝）","郷穴"
SI7,支正,しせい,手の太陽小腸経,"前腕後内側、尺骨内縁と尺側手根屈筋間、手関節背側横紋上5寸","陽谷と小海を結ぶ線の中点下1寸","筋：尺側手根屈筋／筋枝：尺骨神経／皮枝：内側前腕皮神経／血管：後骨間動脈の枝","絡穴"
SI8,小海,しょうかい,手の太陽小腸経,"肘後内側、肘頭と上腕骨内側上顆間の陥凹","肘を軽く屈曲し、尺骨神経溝中","筋：尺側手根屈筋／筋枝：尺骨神経／皮枝：内側前腕皮神経／血管：尺側反回動脈・上尺側側副動脈","合土穴／※圧すると小指へひびく"
SI9,肩貞,けんてい,手の太陽小腸経,"肩関節後下方、腋窩横紋後端上1寸","肩関節内転位、三角筋後側","筋：三角筋・小円筋・上腕三頭筋長頭・大円筋／筋枝：腋窩神経・橈骨神経・肩甲下神経／皮枝：上外側上腕皮神経／血管：後上腕回旋動脈・肩甲回旋動脈",
SI10,臑兪,じゅゆ,手の太陽小腸経,"肩周囲、腋窩横紋後端上方、肩甲棘下陥凹","肩関節内転位、肩甲棘直下","筋：三角筋・棘下筋／筋枝：腋窩神経・肩甲上神経／皮枝：鎖骨上神経／血管：後上腕回旋動脈・肩甲上動脈",
SI11,天宗,てんそう,手の太陽小腸経,"肩甲部、肩甲棘中点と下角を結ぶ線の上1/3陥凹","肩甲棘と肩甲骨下角を3等分し上1/3","筋：棘下筋／筋枝：肩甲上神経／皮枝：肋間神経外側皮枝・胸神経後枝／血管：肩甲回旋動脈・肩甲上動脈",
SI12,秉風,へいふう,手の太陽小腸経,"肩甲部、棘上窩、肩甲棘中点上方","肩関節外転で陥凹する部位","筋：僧帽筋・棘上筋／筋枝：副神経・肩甲上神経／皮枝：胸神経後枝／血管：肩甲上動脈",
SI13,曲垣,きょくえん,手の太陽小腸経,"肩甲部、肩甲棘内端上方陥凹","肩甲棘内端直上","筋：僧帽筋・棘上筋／筋枝：副神経・頸神経叢枝・肩甲上神経／皮枝：胸神経後枝／血管：頸横動脈・肩甲上動脈","※臑兪と第2胸椎棘突起の中点"
SI14,肩外兪,けんがいゆ,手の太陽小腸経,"上背部、第1胸椎棘突起下縁高、後正中線外方3寸","陶道（督）外方3寸","筋：僧帽筋・肩甲挙筋／筋枝：副神経・頸神経叢枝・肩甲背神経／皮枝：胸神経後枝／血管：頸横動脈","※陶道外方3寸"
SI15,肩中兪,けんちゅうゆ,手の太陽小腸経,"上背部、第7頸椎棘突起下縁高、後正中線外方2寸","大椎（督）外方2寸","筋：僧帽筋・肩甲挙筋／筋枝：副神経・頸神経叢枝・肩甲背神経／皮枝：胸神経後枝／血管：頸横動脈",
SI16,天窓,てんそう,手の太陽小腸経,"頸部、胸鎖乳突筋後縁、甲状軟骨上縁高","胸鎖乳突筋後縁、甲状軟骨上縁","筋：広頸筋・胸鎖乳突筋／筋枝：顔面神経・副神経・頸神経叢枝／皮枝：頸横神経／血管：浅頸動脈","※人迎・扶突・天窓が並ぶ"
SI17,天容,てんよう,手の太陽小腸経,"頸部、下顎角後方、胸鎖乳突筋前縁陥凹","下顎角後方、胸鎖乳突筋との間","筋：胸鎖乳突筋・顎二腹筋後腹／筋枝：副神経・顔面神経／皮枝：大耳介神経／血管：後頭動脈",
SI18,顴髎,けんりょう,手の太陽小腸経,"顔面、外眼角直下、頬骨下陥凹","外眼角垂線上の陥凹","筋：小頬骨筋・大頬骨筋／筋枝：顔面神経／皮枝：上顎神経／血管：顔面横動脈・眼窩下動脈","※下関（胃経）の前方"
SI19,聴宮,ちょうきゅう,手の太陽小腸経,"顔面、耳珠中央前縁と下顎骨関節突起間の陥凹","口を軽く開け、耳珠と下顎骨間陥凹","皮枝：下顎神経（V3）／血管：浅側頭動脈","※口を開けると取りやすい"
BL1,睛明,せいめい,足の太陽膀胱経,顔面部、内眼角の内上方。,鼻根と内眼角の間の陥凹部に取る。,【筋】眼輪筋【神】眼神経(三叉1),[指標] 内眼角
BL2,攢竹,さんちく,足の太陽膀胱経,顔面部、眉毛の内端の陥凹部。,眉頭に取る。,【筋】眼輪筋、眉毛下垂筋【神】眼神経(三叉1),
BL3,眉衝,びしょう,足の太陽膀胱経,頭部、前頭切痕の上方、前髪際の後方5分。,神庭(GV24)と曲差(BL4)の中間に取る。,【筋】前頭筋【神】眼神経(三叉1),
BL4,曲差,きょくさ,足の太陽膀胱経,頭部、前頭切痕の上方、前髪際の後方5分、前正中線の外方1寸5分。,神庭(GV24)の外方1寸5分に取る。,【筋】前頭筋【神】眼神経(三叉1),
BL5,五処,ごしょ,足の太陽膀胱経,頭部、前髪際の後方1寸、前正中線の外方1寸5分。,上星(GV23)の外方1寸5分に取る。,【筋】前頭筋【神】眼神経(三叉1),
BL6,承光,しょうこう,足の太陽膀胱経,頭部、前髪際の後方2寸5分、前正中線の外方1寸5分。,顖会(GV22)の外方1寸5分に取る。,【筋】帽状腱膜【神】眼神経(三叉1),
BL7,通天,つうてん,足の太陽膀胱経,頭部、前髪際の後方4寸、前正中線の外方1寸5分。,前頂(GV21)の外方1寸5分に取る。,【筋】帽状腱膜【神】眼神経(三叉1),
BL8,絡却,らくきゃく,足の太陽膀胱経,頭部、前髪際の後方5寸5分、前正中線の外方1寸5分。,通天の後方1寸5分に取る。,【筋】帽状腱膜【神】大後頭神経,
BL9,玉枕,ぎょくちん,足の太陽膀胱経,頭部、外後頭隆起上縁と同じ高さ、前正中線の外方1寸3分。,脳戸(GV17)の外方1寸3分に取る。,【筋】後頭筋【神】大後頭神経,
BL10,天柱,てんちゅう,足の太陽膀胱経,後頸部、第1頚椎棘突起上縁と同じ高さ、僧帽筋外縁の陥凹部。,風府(GV16)の外方1寸3分に取る。,【筋】僧帽筋、頭半棘筋【神】大後頭神経,
BL11,大杼,だいじょ,足の太陽膀胱経,上背部、第1胸椎棘突起下縁と同じ高さ、後正中線の外方1寸5分。,陶道(GV13)の外方1寸5分。,【筋】僧帽筋、菱形筋【神】副神経、胸神経【皮】胸神経後枝,[八会穴] 骨会
BL12,風門,ふうもん,足の太陽膀胱経,上背部、第2胸椎棘突起下縁と同じ高さ、後正中線の外方1寸5分。,第2・3胸椎棘突起間に取る。,【筋】僧帽筋、菱形筋【神】副神経、胸神経,
BL13,肺兪,はいゆ,足の太陽膀胱経,上背部、第3胸椎棘突起下縁と同じ高さ、後正中線の外方1寸5分。,身柱(GV12)の外方1寸5分。,【筋】僧帽筋、菱形筋【神】副神経、胸神経,[背部兪穴] 肺の兪穴
BL14,厥陰兪,けついんゆ,足の太陽膀胱経,上背部、第4胸椎棘突起下縁と同じ高さ、後正中線の外方1寸5分。,第4・5胸椎棘突起間に取る。,【筋】僧帽筋、菱形筋【神】副神経、胸神経,[背部兪穴] 心包の兪穴
BL15,心兪,しんゆ,足の太陽膀胱経,上背部、第5胸椎棘突起下縁と同じ高さ、後正中線の外方1寸5分。,神道(GV11)の外方1寸5分。,【筋】僧帽筋、菱形筋【神】副神経、胸神経,[背部兪穴] 心の兪穴
BL16,督兪,とくゆ,足の太陽膀胱経,上背部、第6胸椎棘突起下縁と同じ高さ、後正中線の外方1寸5分。,霊台(GV10)の外方1寸5分。,【筋】僧帽筋、広背筋【神】副神経、胸神経,
BL17,膈兪,かくゆ,足の太陽膀胱経,背部、第7胸椎棘突起下縁と同じ高さ、後正中線の外方1寸5分。,至陽(GV9)の外方1寸5分。,【筋】僧帽筋、広背筋【神】副神経、胸神経,[八会穴] 血会
BL18,肝兪,かんゆ,足の太陽膀胱経,背部、第9胸椎棘突起下縁と同じ高さ、後正中線の外方1寸5分。,筋縮(GV8)の外方1寸5分。,【筋】広背筋、脊柱起立筋【神】胸神経後枝,[背部兪穴] 肝の兪穴
BL19,胆兪,たんゆ,足の太陽膀胱経,背部、第10胸椎棘突起下縁と同じ高さ、後正中線の外方1寸5分。,中枢(GV7)の外方1寸5分。,【筋】広背筋、脊柱起立筋【神】胸神経後枝,[背部兪穴] 胆の兪穴
BL20,脾兪,ひゆ,足の太陽膀胱経,背部、第11胸椎棘突起下縁と同じ高さ、後正中線の外方1寸5分。,脊中(GV6)の外方1寸5分。,【筋】脊柱起立筋【神】胸神経後枝,[背部兪穴] 脾の兪穴
BL21,胃兪,いゆ,足の太陽膀胱経,背部、第12胸椎棘突起下縁と同じ高さ、後正中線の外方1寸5分。,第12胸椎と第1腰椎の間に取る。,【筋】脊柱起立筋【神】胸・腰神経後枝,[背部兪穴] 胃の兪穴
BL22,三焦兪,さんしょうゆ,足の太陽膀胱経,腰部、第1腰椎棘突起下縁と同じ高さ、後正中線の外方1寸5分。,懸枢(GV5)の外方1寸5分。,【筋】脊柱起立筋【神】腰神経後枝,[背部兪穴] 三焦の兪穴
BL23,腎兪,じんゆ,足の太陽膀胱経,腰部、第2腰椎棘突起下縁と同じ高さ、後正中線の外方1寸5分。,命門(GV4)の外方1寸5分。,【筋】脊柱起立筋【神】腰神経後枝,[背部兪穴] 腎の兪穴
BL24,気海兪,きかいゆ,足の太陽膀胱経,腰部、第3腰椎棘突起下縁と同じ高さ、後正中線の外方1寸5分。,第3・4腰椎棘突起間に取る。,【筋】脊柱起立筋【神】腰神経後枝,
BL25,大腸兪,だいちょうゆ,足の太陽膀胱経,腰部、第4腰椎棘突起下縁と同じ高さ、後正中線の外方1寸5分。,腰陽関(GV3)の外方1寸5分（ヤコビー線）。,【筋】脊柱起立筋【神】腰神経後枝,[背部兪穴] 大腸の兪穴
BL26,関元兪,かんげんゆ,足の太陽膀胱経,腰部、第5腰椎棘突起下縁と同じ高さ、後正中線の外方1寸5分。,第5腰椎と仙骨の間に取る。,【筋】脊柱起立筋【神】腰・仙骨神経後枝,
BL27,小腸兪,しょうちょうゆ,足の太陽膀胱経,仙骨部、第1仙骨孔と同じ高さ、正中仙骨稜の外方1寸5分。,上髎の高さで後正中線の外方1寸5分に取る。,【筋】多裂筋【神】仙骨神経後枝,[背部兪穴] 小腸の兪穴
BL28,膀胱兪,ぼうこうゆ,足の太陽膀胱経,仙骨部、第2仙骨孔と同じ高さ、正中仙骨稜の外方1寸5分。,次髎の高さで後正中線の外方1寸5分に取る。,【筋】多裂筋【神】仙骨神経後枝,[背部兪穴] 膀胱の兪穴
BL29,中膂兪,ちゅうりょゆ,足の太陽膀胱経,仙骨部、第3仙骨孔と同じ高さ、正中仙骨稜の外方1寸5分。,中髎の高さで後正中線の外方1寸5分に取る。,【筋】多裂筋【神】仙骨神経後枝,
BL30,白環兪,はっかんゆ,足の太陽膀胱経,仙骨部、第4仙骨孔と同じ高さ、正中仙骨稜の外方1寸5分。,腰兪（督脈）の外方1寸5部に取る。,【筋】多裂筋【神】仙骨神経後枝,
BL31,上髎,じょうりょう,足の太陽膀胱経,仙骨部、第1後仙骨孔。,第1後仙骨孔の中に取る。,【筋】多裂筋【神】仙骨神経後枝,[八髎穴]
BL32,次髎,じりょう,足の太陽膀胱経,仙骨部、第2後仙骨孔。,第2後仙骨孔の中に取る。,【筋】多裂筋【神】仙骨神経後枝,[八髎穴]
BL33,中髎,ちゅうりょう,足の太陽膀胱経,仙骨部、第3後仙骨孔。,第3後仙骨孔の中に取る。,【筋】多裂筋【神】仙骨神経後枝,[八髎穴]
BL34,下髎,げりょう,足の太陽膀胱経,仙骨部、第4後仙骨孔。,第4後仙骨孔の中に取る。,【筋】多裂筋【神】仙骨神経後枝,[八髎穴]
BL35,会陽,えよう,足の太陽膀胱経,臀部、尾骨端の外方5分。,尾骨の先端の両脇に取る。,【筋】大殿筋【神】尾骨神経,
BL36,承扶,しょうふ,足の太陽膀胱経,臀部、大臀筋下縁の中点、臀溝の中央。,殿溝（お尻の横紋）の中央。,【筋】大殿筋【神】後大腿皮神経,
BL37,殷門,いんもん,足の太陽膀胱経,大腿後面、大腿二頭筋と半腱様筋の間、承扶の下方6寸。,承扶と委中を結ぶ線上。,【筋】大腿二頭筋【神】坐骨神経,
BL38,浮郄,ふげき,足の太陽膀胱経,膝窩外側、大腿二頭筋腱の内縁、委陽の上方1寸。,膝を軽く曲げて取る。,【筋】大腿二頭筋【神】総腓骨神経,
BL39,委陽,いよう,足の太陽膀胱経,膝窩外側、大腿二頭筋腱の内縁、膝窩横紋上。,委中の外方約1寸。,【筋】大腿二頭筋【神】総腓骨神経,[下合穴] 三焦の下合穴
BL40,委中,いちゅう,足の太陽膀胱経,膝後部、膝窩横紋の中点。,膝窩横紋の中央、拍動部に取る。,【筋】半腱・半膜様筋【神】脛骨神経,[合土穴] / 四総穴(腰背)
BL41,附分,ふぶん,足の太陽膀胱経,上背部、第2胸椎棘突起下縁と同じ高さ、後正中線の外方3寸。,肩甲骨内側縁の近く。,【筋】僧帽筋、菱形筋【神】副神経、背側肩甲神経,[指標] 3寸ラインの起点
BL42,魄戸,はくこ,足の太陽膀胱経,上背部、第3胸椎棘突起下縁と同じ高さ、後正中線の外方3寸。,肺兪(BL13)の外方1寸5分。,【筋】僧帽筋、菱形筋【神】副神経、背側肩甲神経,
BL43,膏肓,こうこう,足の太陽膀胱経,上背部、第4胸椎棘突起下縁と同じ高さ、後正中線の外方3寸。,厥陰兪(BL14)の外方1寸5分。,【筋】僧帽筋、菱形筋【神】副神経、背側肩甲神経,
BL44,神堂,しんどう,足の太陽膀胱経,上背部、第5胸椎棘突起下縁と同じ高さ、後正中線の外方3寸。,心兪(BL15)の外方1寸5分。,【筋】僧帽筋、菱形筋【神】副神経、背側肩甲神経,
BL45,譩譆,いき,足の太陽膀胱経,上背部、第6胸椎棘突起下縁と同じ高さ、後正中線の外方3寸。,督兪(BL16)の外方1寸5分。,【筋】僧帽筋、広背筋【神】背側肩甲神経,
BL46,膈関,かくかん,足の太陽膀胱経,背部、第7胸椎棘突起下縁と同じ高さ、後正中線の外方3寸。,膈兪(BL17)の外方1寸5分。,【筋】僧帽筋、広背筋【神】胸神経後枝,
BL47,魂門,こんもん,足の太陽膀胱経,背部、第9胸椎棘突起下縁と同じ高さ、後正中線の外方3寸。,肝兪(BL18)の外方1寸5分。,【筋】広背筋、腸肋筋【神】胸神経後枝,
BL48,陽綱,ようこう,足の太陽膀胱経,背部、第10胸椎棘突起下縁と同じ高さ、後正中線の外方3寸。,胆兪(BL19)の外方1寸5分。,【筋】広背筋、腸肋筋【神】胸神経後枝,
BL49,意舎,いしゃ,足の太陽膀胱経,背部、第11胸椎棘突起下縁と同じ高さ、後正中線の外方3寸。,脾兪(BL20)の外方1寸5分。,【筋】広背筋、腸肋筋【神】胸神経後枝,
BL50,胃倉,いそう,足の太陽膀胱経,背部、第12胸椎棘突起下縁と同じ高さ、後正中線の外方3寸。,胃兪(BL21)の外方1寸5分。,【筋】広背筋、下後鋸筋【神】胸神経後枝,
BL51,肓門,こうもん,足の太陽膀胱経,腰部、第1腰椎棘突起下縁と同じ高さ、後正中線の外方3寸。,三焦兪(BL22)の外方1寸5分。,【筋】広背筋、下後鋸筋【神】腰神経後枝,
BL52,志室,ししつ,足の太陽膀胱経,腰部、第2腰椎棘突起下縁と同じ高さ、後正中線の外方3寸。,腎兪(BL23)の外方1寸5分。,【筋】広背筋、胸腰筋膜【神】腰神経後枝,
BL53,胞肓,ほうこう,足の太陽膀胱経,仙骨部、第2仙骨外側稜と同じ高さ、後正中線の外方3寸。,膀胱兪(BL28)の外方1寸5分。,【筋】大殿筋【神】上臀神経、仙骨神経後枝,
BL54,秩辺,ちっぺん,足の太陽膀胱経,仙骨部、第4仙骨外側稜と同じ高さ、後正中線の外方3寸。,白環兪(BL30)の外方1寸5分。,【筋】大殿筋【神】下臀神経、仙骨神経後枝,
BL55,合陽,ごうよう,足の太陽膀胱経,下腿後面、腓腹筋外側頭と内側頭の間、委中の下方2寸。,委中と承山を結ぶ線上。,【筋】腓腹筋【神】脛骨神経,
BL56,承筋,しょうきん,足の太陽膀胱経,下腿後面、腓腹筋の両筋腹の間、委中の下方5寸。,腓腹筋の最も盛り上がった所に取る。,【筋】腓腹筋【神】脛骨神経,
BL57,承山,しょうざん,足の太陽膀胱経,下腿後面、腓腹筋の二つの筋腹とアキレス腱の移行部。,爪先立ちした時にアキレス腱の上にできる凹み。,【筋】腓腹筋、アキレス腱【神】脛骨神経,
BL58,飛揚,ひよう,足の太陽膀胱経,下腿後外側、腓腹筋外側頭下縁とアキレス腱の間、外果尖の上方7寸。,承山の下外方1寸。,【筋】腓腹筋、ヒラメ筋【神】腓腹神経,[絡穴] 膀胱経の絡穴
BL59,跗陽,ふよう,足の太陽膀胱経,下腿後外側、腓骨とアキレス腱の間、外果尖の上方3寸。,崑崙の上方3寸。,【筋】アキレス腱【神】腓腹神経,[郄穴] 陽蹻脈の郄穴
BL60,崑崙,こんろん,足の太陽膀胱経,足関節後外側、外果尖とアキレス腱の間の陥凹部。,外果（くるぶし）の頂点と同じ高さ。,【筋】アキレス腱【神】腓腹神経,[経火穴] 膀胱経の経火穴
BL61,僕参,ぼくさん,足の太陽膀胱経,足外側、崑崙の下方、踵骨外側、赤白肉際。,崑崙の直下、踵の骨の際に取る。,【神】外側踵骨枝(腓腹),
BL62,申脈,しんみゃく,足の太陽膀胱経,足外側、外果尖の直下、外果下縁と踵骨の間の陥凹部。,外果のすぐ下の窪み。,【神】腓腹神経,八脈交会穴(陽蹻脈)
BL63,金門,きんもん,足の太陽膀胱経,足背、外果前縁の下方、立方骨下方、長足底靱帯の陥凹部。,申脈と京骨の中間に取る。,【神】外側足背皮神経(腓腹),[郄穴] 膀胱経の郄穴
BL64,京骨,けいこつ,足の太陽膀胱経,足外側、第5中足骨粗面の遠位、赤白肉際。,第5中足骨の出っ張りのすぐ前（指先側）。,【神】外側足背皮神経(腓腹),[原穴] 膀胱経の原穴
BL65,束骨,そっこつ,足の太陽膀胱経,足外側、第5中手指節関節の近位外側陥凹部、赤白肉際。,小指の付け根の関節の後ろ。,【神】小指外側背側神経(腓腹),[輸木穴] 膀胱経の輸木穴
BL66,足通谷,あしつうこく,足の太陽膀胱経,足の第5指、第5中手指節関節の遠位外側陥凹部、赤白肉際。,小指の付け根の関節の前。,【神】小指外側掌側指神経,[滎水穴] 膀胱経の滎水穴
BL67,至陰,しいん,足の太陽膀胱経,足の第5指、末節骨外側、爪甲角の近位外側1分。,小指の爪の角（外側）に取る。,【神】小指外側掌側指神経,[井金穴] 膀胱経の井金穴
KI1,湧泉,ゆうせん,足の少陰腎経,"足底、足指屈曲時の最陥凹部","第2・第3趾間のみずかきと踵を結ぶ線の前1/3","足底腱膜・短指屈筋／筋枝：内側足底神経／皮枝：内側足底神経／血管：底側中足動脈","井木穴"
KI2,然谷,ねんこく,足の少陰腎経,"足内側、舟状骨粗面下方、赤白肉際","内果前下方、舟状骨直下の境目","後脛骨筋（腱）・母趾外転筋／筋枝：脛骨神経・内側足底神経／皮枝：内側足底神経／血管：内側足底動脈","栄火穴"
KI3,太渓,たいけい,足の少陰腎経,"足関節後内側、内果尖とアキレス腱の間","内果尖とアキレス腱間の動脈拍動部","長趾屈筋（腱）・アキレス腱／筋枝：脛骨神経／皮枝：伏在神経／血管：後脛骨動脈","原穴・兪土穴"
KI4,大鐘,だいしょう,足の少陰腎経,"足内側、内果後下方、踵骨上方","太渓下方、踵骨上の陥凹","アキレス腱／皮枝：伏在神経／血管：後脛骨動脈","絡穴"
KI5,水泉,すいせん,足の少陰腎経,"足内側、太渓下1寸、踵骨隆起前方","太渓下1寸の陥凹","皮枝：伏在神経・内側踵骨枝／血管：踵骨枝（後脛骨動脈）","郄穴"
KI6,照海,しょうかい,足の少陰腎経,"足内側、内果尖下1寸の陥凹","内果尖下1寸","後脛骨筋（腱）・長趾屈筋（腱）／筋枝：脛骨神経／皮枝：伏在神経／血管：後脛骨動脈","八脈交会穴／※申脈（膀胱経）と対応"
KI7,復溜,ふくりゅう,足の少陰腎経,"下腿後内側、内果尖上2寸、アキレス腱前縁","太渓上2寸、腱間","長母趾屈筋・長趾屈筋・ヒラメ筋・アキレス腱／筋枝：脛骨神経／皮枝：伏在神経／血管：後脛骨動脈","経金穴／※交信と同高・後方5分／※内果尖―膝窩横紋1尺5寸"
KI8,交信,こうしん,足の少陰腎経,"下腿内側、脛骨内縁後方、内果尖上2寸","復溜前方5分","後脛骨筋・長趾屈筋／筋枝：脛骨神経／皮枝：伏在神経／血管：後脛骨動脈","陰蹻脈の郄穴"
KI9,築賓,ちくひん,足の少陰腎経,"下腿後内側、ヒラメ筋とアキレス腱間、内果尖上5寸","太渓と陰谷線の上1/3","ヒラメ筋・アキレス腱／筋枝：脛骨神経／皮枝：伏在神経／血管：後脛骨動脈","陰維脈の郄穴／※太渓上5寸"
KI10,陰谷,いんこく,足の少陰腎経,"膝後内側、膝窩横紋上、半腱様筋腱外縁","膝軽度屈曲位で半腱様筋外縁","半腱様筋（腱）・腓腹筋内側頭／筋枝：脛骨神経／皮枝：伏在神経／血管：内側下膝動脈","合水穴"
KI11,横骨,おうこつ,足の少陰腎経,"下腹部、臍下5寸、前正中線外方5分","曲骨（任脈）外方5分","腹直筋・錐体筋／筋枝：肋間神経／皮枝：腸骨下腹神経・腸骨鼠径神経／血管：浅腹壁動脈・下腹壁動脈","※腹部腎経は外方5分"
KI12,大赫,たいかく,足の少陰腎経,"下腹部、臍下4寸、前正中線外方5分","中極（任脈）外方5分","腹直筋／筋枝：肋間神経／皮枝：腸骨下腹神経／血管：浅腹壁動脈・下腹壁動脈",
KI13,気穴,きけつ,足の少陰腎経,"下腹部、臍下3寸、前正中線外方5分","関元（任脈）外方5分","腹直筋／筋枝：肋間神経／皮枝：肋間神経前皮枝・腸骨下腹神経／血管：浅腹壁動脈・下腹壁動脈",
KI14,四満,しまん,足の少陰腎経,"下腹部、臍下2寸、前正中線外方5分","石門（任脈）外方5分","腹直筋／筋枝：肋間神経／皮枝：肋間神経前皮枝／血管：浅腹壁動脈・下腹壁動脈",
KI15,中注,ちゅうちゅう,足の少陰腎経,"下腹部、臍下1寸、前正中線外方5分","陰交（任脈）外方5分","腹直筋／筋枝：肋間神経／皮枝：肋間神経前皮枝／血管：浅腹壁動脈・下腹壁動脈",
KI16,肓兪,こうゆ,足の少陰腎経,"上腹部、臍外方5分","神闕（任脈）外方5分","腹直筋／筋枝：肋間神経／皮枝：肋間神経前皮枝／血管：浅腹壁動脈・下腹壁動脈・上腹壁動脈",
KI17,商曲,しょうきょく,足の少陰腎経,"上腹部、臍上2寸、前正中線外方5分","下脘（任脈）外方5分","腹直筋／筋枝：肋間神経／皮枝：肋間神経前皮枝／血管：肋間動脈・上腹壁動脈",
KI18,石関,せきかん,足の少陰腎経,"上腹部、臍上3寸、前正中線外方5分","建里（任脈）外方5分","腹直筋／筋枝：肋間神経／皮枝：肋間神経前皮枝／血管：肋間動脈・上腹壁動脈",
KI19,陰都,いんと,足の少陰腎経,"上腹部、臍上4寸、前正中線外方5分","中脘（任脈）外方5分","腹直筋／筋枝：肋間神経／皮枝：肋間神経前皮枝／血管：肋間動脈・上腹壁動脈",
KI20,腹通谷,はらつうこく,足の少陰腎経,"上腹部、臍上5寸、前正中線外方5分","上脘（任脈）外方5分","腹直筋／筋枝：肋間神経／皮枝：肋間神経前皮枝／血管：肋間動脈・上腹壁動脈",
KI21,幽門,ゆうもん,足の少陰腎経,"上腹部、臍上6寸、前正中線外方5分","巨闕（任脈）外方5分","腹直筋／筋枝：肋間神経／皮枝：肋間神経前皮枝／血管：肋間動脈・上腹壁動脈",
KI22,歩廊,ほろう,足の少陰腎経,"前胸部、第5肋間、前正中線外方2寸","第5肋間、正中線外方2寸","大胸筋・肋間筋／筋枝：胸筋神経・肋間神経／皮枝：肋間神経前皮枝／血管：胸肩峰動脈・内胸動脈","※前正中線と乳頭線の中間"
KI23,神封,しんぽう,足の少陰腎経,"前胸部、第4肋間、前正中線外方2寸","膻中（任脈）外方2寸","大胸筋・肋間筋／筋枝：胸筋神経・肋間神経／皮枝：肋間神経前皮枝／血管：胸肩峰動脈・内胸動脈",
KI24,霊墟,れいきょ,足の少陰腎経,"前胸部、第3肋間、前正中線外方2寸","玉堂（任脈）外方2寸","大胸筋・肋間筋／筋枝：胸筋神経・肋間神経／皮枝：肋間神経前皮枝／血管：胸肩峰動脈・内胸動脈",
KI25,神蔵,しんぞう,足の少陰腎経,"前胸部、第2肋間、前正中線外方2寸","紫宮（任脈）外方2寸","大胸筋・肋間筋／筋枝：胸筋神経・肋間神経／皮枝：肋間神経前皮枝／血管：胸肩峰動脈・内胸動脈",
KI26,彧中,いくちゅう,足の少陰腎経,"前胸部、第1肋間、前正中線外方2寸","華蓋（任脈）外方2寸","広頸筋・大胸筋・肋間筋／筋枝：顔面神経・胸筋神経・肋間神経／皮枝：鎖骨上神経・肋間神経前皮枝／血管：胸肩峰動脈・内胸動脈",
KI27,兪府,ゆふ,足の少陰腎経,"前胸部、鎖骨下縁、前正中線外方2寸","鎖骨下縁、正中線外方2寸","広頸筋・大胸筋・鎖骨下筋／筋枝：顔面神経・胸筋神経・鎖骨下筋神経／皮枝：鎖骨上神経／血管：胸肩峰動脈・内胸動脈"
PC1,天池,てんち,手の厥陰心包経,"前胸部、第4肋間、前正中線外方5寸","乳頭外方1寸の第4肋間、乳中と天渓の中点","筋：大胸筋・小胸筋・肋間筋／筋枝：内側胸筋神経・外側胸筋神経・肋間神経／皮枝：肋間神経（外側皮枝）／血管：胸肩峰動脈・外側胸動脈・肋間動脈","※第4肋間で膻中・神封・乳中・天池・天渓などが並ぶ"
PC2,天泉,てんせん,手の厥陰心包経,"上腕前面、上腕二頭筋長頭と短頭間、腋窩横紋前端下2寸","腋窩横紋前端下2寸、上腕二頭筋筋溝","筋：上腕二頭筋／筋枝：筋皮神経／皮枝：内側上腕皮神経・外側上腕皮神経／血管：上腕動脈","※腋窩横紋前端から曲沢まで9寸"
PC3,曲沢,きょくたく,手の厥陰心包経,"肘前面、肘窩横紋上、上腕二頭筋腱内側陥凹","肘屈曲位で上腕二頭筋腱内側","筋：上腕二頭筋（腱）・上腕筋／筋枝：筋皮神経／皮枝：内側前腕皮神経／血管：上腕動脈","合水穴／※尺沢（肺）と少海（心）の中間／※曲沢から大陵まで1尺2寸"
PC4,郄門,げきもん,手の厥陰心包経,"前腕前面、長掌筋腱と橈側手根屈筋腱間、手関節掌側横紋上5寸","曲沢―大陵線の中点下1寸","筋：橈側手根屈筋・長掌筋・浅指屈筋／筋枝：正中神経／皮枝：内側前腕皮神経・外側前腕皮神経／血管：前骨間動脈","郄穴"
PC5,間使,かんし,手の厥陰心包経,"前腕前面、長掌筋腱と橈側手根屈筋腱間、手関節掌側横紋上3寸","大陵―曲沢線を4等分し大陵から1/4","筋：橈側手根屈筋・長掌筋・浅指屈筋／筋枝：正中神経／皮枝：内側前腕皮神経・外側前腕皮神経／血管：前骨間動脈","経金穴"
PC6,内関,ないかん,手の厥陰心包経,"前腕前面、長掌筋腱と橈側手根屈筋腱間、手関節掌側横紋上2寸","大陵上2寸、両腱間","筋：橈側手根屈筋（腱）・長掌筋（腱）・浅指屈筋／筋枝：正中神経／皮枝：内側前腕皮神経・外側前腕皮神経／血管：前骨間動脈","絡穴・八脈交会穴／※外関（三焦経）と対応"
PC7,大陵,だいりょう,手の厥陰心包経,"手関節前面、長掌筋腱と橈側手根屈筋腱間、手関節掌側横紋上","手関節掌側横紋中央、両腱間","筋：橈側手根屈筋（腱）・長掌筋（腱）・浅指屈筋（腱）／筋枝：正中神経／皮枝：内側前腕皮神経・外側前腕皮神経／血管：掌側手根動脈網","原穴・兪土穴／※太淵・神門と並ぶ"
PC8,労宮,ろうきゅう,手の厥陰心包経,"手掌、第2・第3中手骨間、中手指節関節近位陥凹","手を握り示指頭と中指頭の間","筋：浅指屈筋（腱）・虫様筋（第2）／筋枝：正中神経（別説：尺骨神経）／皮枝：正中神経（総掌側指神経）／血管：総掌側指動脈","榮火穴／別説：第3・第4中手骨間"
PC9,中衝,ちゅうしょう,手の厥陰心包経,"中指先端中央","中指先端中央","皮枝：正中神経（固有掌側指神経）／血管：背側指動脈","井木穴／別説：中指末節骨橈側爪甲角近位外方1分"
TE1,関衝,かんしょう,手の少陽三焦経,"薬指、末節骨尺側、爪甲角近位内方1分","薬指爪根部近位縁に引いた線と内側縁に引いた線との交点","皮枝：尺骨神経（背側指神経）／血管：背側指動脈","井金穴"
TE2,液門,えきもん,手の少陽三焦経,"手背、薬指と小指の間、みずかき近位陥凹部、赤白肉際","手を握り、第4・第5中手指節関節間直下の陥凹部","筋：第4背側骨間筋／筋枝：尺骨神経／皮枝：尺骨神経（背側指神経）／血管：背側指動脈","榮水穴"
TE3,中渚,ちゅうしょ,手の少陽三焦経,"手背、第4・第5中手骨間、第4中手指節関節近位陥凹部","手を握り、第4中手指節関節上の内側陥凹部","筋：第4背側骨間筋／筋枝：尺骨神経／皮枝：尺骨神経（背側指神経）／血管：背側指動脈","兪木穴"
TE4,陽池,ようち,手の少陽三焦経,"手関節後面、総指伸筋腱尺側陥凹部、手関節背側横紋上","総指伸筋腱と小指伸筋腱の間の陥凹部","筋：総指伸筋（腱）・小指伸筋（腱）／筋枝：橈骨神経／皮枝：後前腕皮神経・橈骨神経浅枝／血管：背側手根動脈網","原穴／※陽池から肘頭までの長さを1尺2寸とする。"
TE5,外関,がいかん,手の少陽三焦経,"前腕後面、橈骨と尺骨骨間中点、手関節背側横紋上2寸","陽池の上2寸、総指伸筋腱と小指伸筋腱の間","筋：総指伸筋（腱）・小指伸筋（腱）／筋枝：橈骨神経／皮枝：後前腕皮神経／血管：後骨間動脈","絡穴・八脈交会穴／※前側に内関（心包経）が対応"
TE6,支溝,しこう,手の少陽三焦経,"前腕後面、橈骨と尺骨骨間中点、手関節背側横紋上3寸","陽池と肘頭を結ぶ線を4等分し、陽池から1/4","筋：総指伸筋（腱）・小指伸筋（腱）／筋枝：橈骨神経／皮枝：後前腕皮神経／血管：後骨間動脈","経火穴"
TE7,会宗,えそう,手の少陽三焦経,"前腕後面、尺骨橈側縁、手関節背側横紋上3寸","支溝から小指伸筋腱を越え、尺側手根伸筋との間","筋：小指伸筋（腱）・尺側手根伸筋（腱）／筋枝：橈骨神経／皮枝：後前腕皮神経／血管：後骨間動脈","郄穴"
TE8,三陽絡,さんようらく,手の少陽三焦経,"前腕後面、橈骨と尺骨骨間中点、手関節背側横紋上4寸","陽池と肘頭の線を3等分し、陽池から1/3","筋：総指伸筋（腱）・小指伸筋（腱）／筋枝：橈骨神経／皮枝：後前腕皮神経／血管：後骨間動脈",
TE9,四瀆,しとく,手の少陽三焦経,"前腕後面、橈骨と尺骨骨間中点、肘頭下5寸","陽池と肘頭の中点の上1寸","筋：総指伸筋（腱）・小指伸筋（腱）／筋枝：橈骨神経／皮枝：後前腕皮神経／血管：後骨間動脈",
TE10,天井,てんせい,手の少陽三焦経,"肘後面、肘頭上方1寸の陥凹部","肘頭上1寸、肘をやや屈曲した陥凹部","筋：上腕三頭筋共通腱／筋枝：橈骨神経／皮枝：後上腕皮神経／血管：中側副動脈","合土穴／※肘頭―肩峰角：下垂位1尺2寸・外転90°で1尺"
TE11,清冷淵,せいれいえん,手の少陽三焦経,"上腕後面、肘頭と肩峰角を結ぶ線上、肘頭上2寸","肘関節伸展位で肘頭上2寸","筋：上腕三頭筋共通腱／筋枝：橈骨神経／皮枝：後上腕皮神経／血管：中側副動脈",
TE12,消瀝,しょうれき,手の少陽三焦経,"上腕後面、肘頭と肩峰角を結ぶ線上、肘頭上5寸","肘頭上5寸、橈骨神経溝中","筋：上腕三頭筋／筋枝：橈骨神経／皮枝：後上腕皮神経／血管：中側副動脈",
TE13,臑会,じゅかい,手の少陽三焦経,"上腕後面、三角筋後下縁、肩峰角下3寸","肩峰角下3寸、三角筋後下縁","筋：三角筋・上腕三頭筋／筋枝：腋窩神経・橈骨神経／皮枝：上外側上腕皮神経・後上腕皮神経／血管：後上腕回旋動脈",
TE14,肩髎,けんりょう,手の少陽三焦経,"肩部、肩峰角と上腕骨大結節間陥凹部","肩関節90度外転時に現れる後方陥凹部","筋：三角筋／筋枝：腋窩神経／皮枝：鎖骨上神経／血管：後上腕回旋動脈",
TE15,天髎,てんりょう,手の少陽三焦経,"肩甲部、肩甲骨上角上方陥凹部","肩井（胆）と曲垣（小腸）の中点","筋：僧帽筋／筋枝：副神経・頸神経叢枝／皮枝：鎖骨上神経／血管：頸横動脈浅枝",
TE16,天牖,てんゆう,手の少陽三焦経,"頸部、下顎角と同高、胸鎖乳突筋後方陥凹","下顎角後方、胸鎖乳突筋後方","筋：胸鎖乳突筋・頭板状筋／筋枝：副神経・脊髄神経後枝／皮枝：小後頭神経／血管：浅頸動脈","※天容（小腸経）と相対"
TE17,翳風,えいふう,手の少陽三焦経,"耳垂後方、乳様突起下端前方陥凹","天容の上方、乳様突起と下顎枝の間","筋：顎二腹筋後腹／筋枝：顔面神経／皮枝：大耳介神経／血管：後耳介動脈",
TE18,瘈脈,けいみゃく,手の少陽三焦経,"頭部、翳風と角孫を結ぶ弧線上、翳風から1/3","翳風と角孫の中間弧上","筋：後耳介筋／筋枝：顔面神経／皮枝：大耳介神経／血管：後耳介動脈","※外耳孔と相対"
TE19,顱息,ろそく,手の少陽三焦経,"頭部、翳風と角孫の弧線上、翳風から2/3","角孫から1/3の位置","皮枝：大耳介神経／血管：後耳介動脈",
TE20,角孫,かくそん,手の少陽三焦経,"頭部、耳尖のあたるところ","耳を前方に折り、耳尖の触れる部位","筋：上耳介筋・側頭筋／筋枝：顔面神経・下顎神経／皮枝：下顎神経／血管：浅側頭動脈",
TE21,耳門,じもん,手の少陽三焦経,"顔面、耳珠上切痕と下顎関節突起間陥凹","耳珠前上方、頬骨弓後端","皮枝：下顎神経／血管：浅側頭動脈","※聴宮（小腸経）の直上"
TE22,和髎,わりょう,手の少陽三焦経,"頭部、もみあげ後方、耳介付け根前、浅側頭動脈後方","頬骨弓後端上方、浅側頭動脈拍動後","筋：前耳介筋／筋枝：顔面神経（側頭枝）／皮枝：下顎神経／血管：浅側頭動脈",
TE23,糸竹空,しちくくう,手の少陽三焦経,"頭部、眉毛外端の陥凹","眉毛外端の骨窩","筋：眼輪筋／筋枝：顔面神経／皮枝：眼神経・上顎神経／血管：浅側頭動脈","※瞳子髎（胆経）の直上"
GB1,瞳子髎,どうしりょう,足の少陽胆経,"頭部、外眼角外方5分の陥凹","外眼角の外方5分で骨のくぼみ","眼輪筋／筋枝：顔面神経（側頭枝・頬骨枝）／皮枝：上顎神経（V2）／血管：浅側頭動脈枝",
GB2,聴会,ちょうえ,足の少陽胆経,"顔面部、珠間切痕と下顎骨関節突起の間の陥凹","珠間切痕直前、口を開くと深くくぼむ所","皮枝：下顎神経（V3）／血管：浅側頭動脈","※聴宮（小腸経）の直下"
GB3,上関,じょうかん,足の少陽胆経,"頭部、頬骨弓中央上際の陥凹","頬骨弓中央上際","側頭筋／筋枝：下顎神経（深側頭神経）／皮枝：下顎神経（V3）／血管：浅側頭動脈枝","別名：客主人／※下関（胃経）の直上"
GB4,頷厭,がんえん,足の少陽胆経,"頭部、頭維―曲鬢を結ぶ曲線上の前1/4","側頭髪際に沿い頭維から1/4","側頭頭頂筋・側頭筋／筋枝：顔面神経・下顎神経／皮枝：下顎神経／血管：浅側頭動脈前頭枝",
GB5,懸顱,けんろ,足の少陽胆経,"頭部、頭維―曲鬢曲線の中点","側頭髪際に沿う曲線の中点","側頭頭頂筋・側頭筋／筋枝：顔面神経・下顎神経／皮枝：下顎神経／血管：浅側頭動脈前頭枝",
GB6,懸釐,けんり,足の少陽胆経,"頭部、頭維―曲鬢曲線の後1/4","曲鬢から1/4","側頭頭頂筋・側頭筋／筋枝：顔面神経・下顎神経／皮枝：下顎神経／血管：浅側頭動脈前頭枝",
GB7,曲鬢,きょくびん,足の少陽胆経,"頭部、もみあげ後縁垂線と耳尖水平線の交点","もみあげ後縁上、耳尖高","側頭頭頂筋・側頭筋／筋枝：顔面神経・下顎神経／皮枝：下顎神経／血管：浅側頭動脈",
GB8,率谷,そっこく,足の少陽胆経,"頭部、耳尖直上、髪際上1寸5分","角孫（三焦経）の上1寸5分","側頭頭頂筋・側頭筋／筋枝：顔面神経・下顎神経／皮枝：下顎神経・小後頭神経／血管：浅側頭動脈枝",
GB9,天衝,てんしょう,足の少陽胆経,"頭部、耳介後縁直上、髪際上2寸","率谷の後方5分","側頭頭頂筋・側頭筋／筋枝：顔面神経・下顎神経／皮枝：小後頭神経／血管：浅側頭動脈枝",
GB10,浮白,ふはく,足の少陽胆経,"頭部、乳様突起後上方、天衝―完骨曲線の前1/3","耳尖直後、髪際後1寸","後頭筋・側頭筋／筋枝：顔面神経・下顎神経／皮枝：小後頭神経／血管：後耳介動脈",
GB11,頭竅陰,あたまきょういん,足の少陽胆経,"頭部、乳様突起後上方、天衝―完骨曲線の後2/3","完骨から天衝へ約1/3","後頭筋／筋枝：顔面神経（後頭枝）／皮枝：小後頭神経／血管：後耳介動脈",
GB12,完骨,かんこつ,足の少陽胆経,"後頭部、乳様突起後下方の陥凹","乳様突起後下方のくぼみ","胸鎖乳突筋・頭板状筋／筋枝：副神経・脊髄神経後枝／皮枝：小後頭神経／血管：後頭動脈",
GB13,本神,ほんじん,足の少陽胆経,"頭部、前髪際後方5分、正中線外方3寸","神庭―頭維線を3等分し外側1/3","前頭筋／筋枝：顔面神経／皮枝：眼神経（V1）／血管：眼窩上動脈",
GB14,陽白,ようはく,足の少陽胆経,"頭部、眉上1寸、瞳孔線上","眉中央上1寸","前頭筋／筋枝：顔面神経／皮枝：眼神経（V1）／血管：眼窩上動脈",
GB15,頭臨泣,あたまりんきゅう,足の少陽胆経,"頭部、前髪際後方5分、瞳孔線上","神庭―頭維線の中点","前頭筋／筋枝：顔面神経／皮枝：眼神経（V1）／血管：眼窩上動脈","※瞳孔直上"
GB16,目窓,もくそう,足の少陽胆経,"頭部、前髪際後方1寸5分、瞳孔線上","頭臨泣の後1寸","帽状腱膜／皮枝：眼神経（V1）／血管：眼窩上動脈・浅側頭動脈前頭枝",
GB17,正営,しょうえい,足の少陽胆経,"頭部、前髪際後方2寸5分、瞳孔線上","頭臨泣の後2寸","帽状腱膜／皮枝：眼神経（V1）／血管：眼窩上動脈・浅側頭動脈前頭枝",
GB18,承霊,しょうれい,足の少陽胆経,"頭部、前髪際後方4寸、瞳孔線上","正営の後1寸5分","帽状腱膜／皮枝：眼神経（V1）・大後頭神経／血管：眼窩上動脈・後頭動脈",
GB19,脳空,のうくう,足の少陽胆経,"頭部、外後頭隆起上縁と同高、風池直上","上項線と風池垂線の交点","後頭筋／筋枝：顔面神経／皮枝：大後頭神経／血管：後頭動脈","※脳戸・玉枕と同高"
GB20,風池,ふうち,足の少陽胆経,"後頭部、僧帽筋と胸鎖乳突筋間の陥凹","風府外方で筋間","胸鎖乳突筋・僧帽筋・頭板状筋・頭半棘筋／筋枝：副神経・脊髄神経後枝／皮枝：後頭神経群／血管：後頭動脈","※深部に椎骨動脈"
GB21,肩井,けんせい,足の少陽胆経,"肩上部、第7頸椎棘突起と肩峰外縁の中点","両点の中間","僧帽筋／筋枝：副神経／皮枝：鎖骨上神経／血管：頸横動脈","※天髎（三焦）の下方"
GB22,淵腋,えんえき,足の少陽胆経,"側胸部、第4肋間、中腋窩線上","腋窩中央下方第4肋間","前鋸筋・肋間筋／筋枝：長胸神経・肋間神経／皮枝：肋間神経外側皮枝／血管：外側胸動脈・胸背動脈",
GB23,輒筋,ちょうきん,足の少陽胆経,"側胸部、第4肋間、中腋窩線前方1寸","淵腋前1寸、天渓との中点","前鋸筋・肋間筋／筋枝：長胸神経・肋間神経／皮枝：肋間神経外側皮枝／血管：外側胸動脈",
GB24,日月,じつげつ,足の少陽胆経,"前胸部、第7肋間、正中線外方4寸","乳頭下2肋間","大胸筋／筋枝：胸筋神経／皮枝：肋間神経前皮枝・外側皮枝／血管：肋間動脈","胆の募穴"
GB25,京門,けいもん,足の少陽胆経,"側腹部、第12肋骨端下縁","側臥で第12肋骨前端下","広背筋・外腹斜筋・内腹斜筋／筋枝：胸背神経・肋間神経・腸骨下腹神経／皮枝：肋間神経外側皮枝／血管：肋間動脈","腎の募穴"
GB26,帯脈,たいみゃく,足の少陽胆経,"側腹部、第11肋骨下方、臍水平","臍水平線と第11肋骨垂線交点","外腹斜筋・内腹斜筋／筋枝：肋間神経・腸骨下腹神経／皮枝：肋間神経外側皮枝／血管：肋間動脈",
GB27,五枢,ごすう,足の少陽胆経,"下腹部、臍下3寸、上前腸骨棘内方","関元外方、帯脈前下","外腹斜筋・内腹斜筋／筋枝：肋間神経・腸骨下腹神経／皮枝：腸骨下腹神経外側皮枝／血管：腸骨回旋動脈",
GB28,維道,いどう,足の少陽胆経,"下腹部、上前腸骨棘内下方5分","五枢の内下","外腹斜筋・内腹斜筋／筋枝：肋間神経・腸骨下腹神経／皮枝：腸骨下腹神経外側皮枝／血管：腸骨回旋動脈",
GB29,居髎,きょりょう,足の少陽胆経,"殿部、上前腸骨棘と大転子中点","両点中間","中殿筋・大腿筋膜張筋／筋枝：上殿神経／皮枝：上殿皮神経／血管：上殿動脈",
GB30,環跳,かんちょう,足の少陽胆経,"殿部、大転子と仙骨裂孔線上の前1/3","側臥位で屈股","大殿筋／筋枝：下殿神経／皮枝：上殿皮神経・下殿皮神経／血管：上殿・下殿動脈","別説あり"
GB31,風市,ふうし,足の少陽胆経,"大腿外側、中指先が当たる部","直立位で中指頭部","腸脛靭帯・大腿二頭筋・外側広筋／筋枝：脛骨神経・総腓骨神経・大腿神経／皮枝：外側大腿皮神経／血管：外側大腿回旋動脈",
GB32,中瀆,ちゅうとく,足の少陽胆経,"大腿外側、膝上7寸","膝窩横紋上7寸、腸脛靭帯後","腸脛靭帯・大腿二頭筋・外側広筋／筋枝：脛骨神経・総腓骨神経・大腿神経／皮枝：外側大腿皮神経／血管：外側大腿回旋動脈","※大転子―膝窩1尺9寸"
GB33,膝陽関,ひざようかん,足の少陽胆経,"膝外側、外側上顆後上方","腸脛靭帯後縁を下行","腸脛靭帯・大腿二頭筋腱／筋枝：脛骨神経・総腓骨神経／皮枝：外側大腿皮神経／血管：外側上膝動脈",
GB34,陽陵泉,ようりょうせん,足の少陽胆経,"下腿外側、腓骨頭前下方","腓骨頭前下","長腓骨筋／筋枝：浅腓骨神経／皮枝：外側腓腹皮神経／血管：腓骨回旋枝","合土穴・筋会・胆の下合"
GB35,陽交,ようこう,足の少陽胆経,"下腿外側、外果上7寸、腓骨後","外果―膝窩中点下1寸","長腓骨筋・ヒラメ筋／筋枝：浅腓骨神経・脛骨神経／皮枝：外側腓腹皮神経／血管：前脛骨動脈枝","陽維脈郄穴"
GB36,外丘,がいきゅう,足の少陽胆経,"下腿外側、腓骨前、外果上7寸","外果―膝窩中点下1寸","長腓骨筋／筋枝：浅腓骨神経／皮枝：外側腓腹皮神経／血管：前脛骨動脈枝","郄穴"
GB37,光明,こうめい,足の少陽胆経,"下腿外側、外果上5寸","外果上5寸、腓骨前","長腓骨筋・短腓骨筋／筋枝：浅腓骨神経／皮枝：外側腓腹皮神経／血管：前脛骨動脈枝","絡穴"
GB38,陽輔,ようほ,足の少陽胆経,"下腿外側、外果上4寸","外果―膝窩線の下1/4","短腓骨筋／筋枝：浅腓骨神経／皮枝：外側腓腹皮神経・浅腓骨神経／血管：前脛骨動脈枝","経火穴"
GB39,懸鍾,けんしょう,足の少陽胆経,"下腿外側、外果上3寸","外果上3寸","短腓骨筋／筋枝：浅腓骨神経／皮枝：外側腓腹皮神経・浅腓骨神経／血管：前脛骨動脈枝","八会穴（髄会）"
GB40,丘墟,きゅうきょ,足の少陽胆経,"足関節前外側、外果前下","長指伸筋腱外側","長指伸筋腱／筋枝：深腓骨神経／皮枝：浅腓骨神経／血管：外果動脈網","原穴"
GB41,足臨泣,あしりんきゅう,足の少陽胆経,"足背、第4・5中足骨底間遠位","第4・5中足骨間を撫上","第4背側骨間筋／筋枝：外側足底神経／皮枝：浅腓骨神経／血管：第4背側中足動脈","兪木穴・八脈交会穴"
GB42,地五会,ちごえ,足の少陽胆経,"足背、第4・5中足骨間、MTP近位","第4MTP後外側","第4背側骨間筋／筋枝：外側足底神経／皮枝：浅腓骨神経／血管：第4背側中足動脈",
GB43,侠谿,きょうけい,足の少陽胆経,"足背、第4・5趾間赤白肉際","第4・5MTP直前","第4背側骨間筋／筋枝：外側足底神経／皮枝：浅腓骨神経／血管：背側指動脈","榮水穴"
GB44,足竅陰,あしきょういん,足の少陽胆経,"足第4趾、末節骨外側爪甲角近位外方1分","第4趾爪根部交点","皮枝：浅腓骨神経／血管：背側指動脈","井金穴"
LR1,大敦,だいとん,足の厥陰肝経,足の第1指、末節骨外側、爪甲角の近位外側1分。,第1指爪甲外側縁の垂線と爪甲根を通る水平線の交点。,【神】固有背側指神経(深腓骨),[井木穴] 肝経の井木穴
LR2,行間,こうかん,足の厥陰肝経,足背、第1・第2指間、指間分画の近位、赤白肉際。,第1・2指の付け根の間に取る。,【神】固有背側指神経(深腓骨),[滎火穴] 肝経の滎火穴
LR3,太衝,たいしょう,足の厥陰肝経,足背、第1・第2中足骨底間の陥凹部。,第1・2中足骨の間をなで上げ、指の止まるところ。,【神】深腓骨神経【血】足背動脈,[原穴] / [輸土穴]
LR4,中封,ちゅうほう,足の厥陰肝経,足関節前内側、前脛骨筋腱の内側、内果の前方、陥凹部。,解渓(ST41)と商丘(SP5)の中間に取る。,【筋】前脛骨筋腱【神】伏在神経,[経金穴] 肝経の経金穴
LR5,蠡溝,れいこう,足の厥陰肝経,下腿内側、脛骨内縁の中点、内果尖の上方5寸。,脛骨の内側面、骨の上に取る。,【神】伏在神経,[絡穴] 肝経の絡穴
LR6,中都,ちゅうと,足の厥陰肝経,下腿内側、脛骨内縁の中点、内果尖の上方7寸。,内果尖と陰陵泉(SP9)を結ぶ線の中点の下方1寸。,【神】伏在神経,[郄穴] 肝経の郄穴
LR7,膝関,しつかん,足の厥陰肝経,下腿内側、脛骨内側顆の下方、陰陵泉(SP9)の後方1寸。,膝を曲げて取る。,【筋】半腱様筋、半膜様筋【神】伏在神経,
LR8,曲泉,きょくせん,足の厥陰肝経,膝内側、半腱・半膜様筋腱内側の陥凹部、膝窩横紋の内側端。,膝を深く曲げ、横紋の内端の窪みに取る。,【筋】半腱様筋、半膜様筋【神】伏在神経,[合水穴] 肝経の合水穴
LR9,陰包,いんぽう,足の厥陰肝経,大腿内側、薄筋と縫工筋の間、膝蓋骨底の上方4寸。,曲泉の上方4寸。,【筋】縫工筋、薄筋【神】閉鎖神経,
LR10,足五里,あしごり,足の厥陰肝経,大腿内側、気衝(ST30)の下方3寸、大腿動脈拍動部。,鼠径部の下方3寸に取る。,【筋】長内転筋【神】閉鎖神経,
LR11,陰廉,いんれん,足の厥陰肝経,大腿内側、気衝(ST30)の下方2寸。,鼠径部の下方2寸、長内転筋の外側に取る。,【筋】長内転筋【神】閉鎖神経,
LR12,急脈,きゅうみゃく,足の厥陰肝経,鼠径部、恥骨結合上縁と同じ高さ、前正中線の外方2.5寸。,曲骨(CV2)の外方2.5寸、大腿動脈拍動部の内方。,【筋】外腹斜筋【神】腸骨鼠径神経,
LR13,章門,しょうもん,足の厥陰肝経,側腹部、第11肋骨遊離端の下際。,脇腹、第11肋骨の先端に取る。,【筋】外腹斜筋【神】肋間神経,[募穴] 脾の募穴 / [八会穴] 臓会
LR14,期門,きもん,足の厥陰肝経,前胸部、第6肋間、前正中線の外方4寸。,乳頭の直下、第6肋間に取る。,【筋】外腹斜筋、肋間筋【神】肋間神経,[募穴] 肝の募穴
